-- MySQL dump 10.13  Distrib 8.0.28, for Win64 (x86_64)
--
-- Host: localhost    Database: final
-- ------------------------------------------------------
-- Server version	8.0.28

/*!40101 SET @OLD_CHARACTER_SET_CLIENT=@@CHARACTER_SET_CLIENT */;
/*!40101 SET @OLD_CHARACTER_SET_RESULTS=@@CHARACTER_SET_RESULTS */;
/*!40101 SET @OLD_COLLATION_CONNECTION=@@COLLATION_CONNECTION */;
/*!50503 SET NAMES utf8mb4 */;
/*!40103 SET @OLD_TIME_ZONE=@@TIME_ZONE */;
/*!40103 SET TIME_ZONE='+00:00' */;
/*!40014 SET @OLD_UNIQUE_CHECKS=@@UNIQUE_CHECKS, UNIQUE_CHECKS=0 */;
/*!40014 SET @OLD_FOREIGN_KEY_CHECKS=@@FOREIGN_KEY_CHECKS, FOREIGN_KEY_CHECKS=0 */;
/*!40101 SET @OLD_SQL_MODE=@@SQL_MODE, SQL_MODE='NO_AUTO_VALUE_ON_ZERO' */;
/*!40111 SET @OLD_SQL_NOTES=@@SQL_NOTES, SQL_NOTES=0 */;

--
-- Table structure for table `furniture`
--

DROP TABLE IF EXISTS `furniture`;
/*!40101 SET @saved_cs_client     = @@character_set_client */;
/*!50503 SET character_set_client = utf8mb4 */;
CREATE TABLE `furniture` (
  `furniture_id` int NOT NULL,
  `type` varchar(45) DEFAULT NULL,
  `price` int DEFAULT NULL,
  `block_name` varchar(20) DEFAULT NULL,
  `room_no` int DEFAULT NULL,
  PRIMARY KEY (`furniture_id`),
  KEY `block_name` (`block_name`,`room_no`),
  CONSTRAINT `furniture_ibfk_1` FOREIGN KEY (`block_name`, `room_no`) REFERENCES `hostel_rooms` (`block_name`, `room_no`) ON DELETE SET NULL ON UPDATE SET NULL
) ENGINE=InnoDB DEFAULT CHARSET=utf8mb4 COLLATE=utf8mb4_0900_ai_ci;
/*!40101 SET character_set_client = @saved_cs_client */;

--
-- Dumping data for table `furniture`
--

LOCK TABLES `furniture` WRITE;
/*!40000 ALTER TABLE `furniture` DISABLE KEYS */;
INSERT INTO `furniture` VALUES (4001,'chair',20626,'A',6),(4003,'table',24146,'D',38),(4004,'chair',24266,'J',7),(4007,'amirah',24469,'C',24),(4009,'chair',15979,'G',42),(4010,'table',19303,'H',43),(4016,'amirah',18262,'E',14),(4019,'table',21376,'F',38),(4020,'bunk bed',19376,'C',46),(4024,'table',25213,'H',23),(4025,'bed',22138,'A',44),(4026,'amirah',18936,'A',23),(4027,'chair',18095,'A',46),(4031,'chair',23809,'J',32),(4033,'bed',22714,'A',19),(4038,'chair',21379,'B',47),(4039,'bed',24999,'D',35),(4040,'amirah',16154,'G',49),(4042,'bunk bed',15685,'E',36),(4044,'amirah',15294,'H',9),(4048,'bunk bed',22428,'D',26),(4050,'amirah',23873,'D',9),(4053,'chair',24217,'I',12),(4055,'bunk bed',20346,'B',16),(4057,'amirah',24618,'H',29),(4059,'table',17866,'E',48),(4064,'bed',22995,'I',40),(4065,'table',18866,'D',18),(4066,'chair',24563,'E',12),(4070,'chair',16725,'J',42),(4071,'bunk bed',16652,'H',1),(4073,'bunk bed',19114,'I',41),(4074,'amirah',24929,'I',49),(4082,'table',23413,'F',8),(4091,'amirah',19608,'H',44),(4092,'amirah',22715,'J',34),(4094,'bed',16206,'G',50),(4097,'chair',15695,'H',17),(4098,'chair',17783,'I',2),(4104,'bunk bed',18172,'F',31),(4106,'bed',17114,'A',14),(4112,'table',23955,'H',13),(4113,'table',18561,'D',33),(4115,'bed',25640,'J',50),(4116,'amirah',18829,'B',49),(4119,'table',21354,'F',48),(4120,'bed',23074,'B',5),(4122,'amirah',22968,'G',14),(4124,'chair',23707,'H',22),(4128,'chair',19436,'J',37),(4129,'bed',21969,'G',45),(4130,'amirah',15904,'H',24),(4131,'chair',20881,'E',37),(4132,'chair',15813,'C',22),(4133,'bunk bed',22992,'G',31),(4138,'table',15291,'B',8),(4143,'table',21671,'F',33),(4144,'bed',22686,'B',10),(4146,'bunk bed',21543,'H',26),(4150,'bunk bed',21112,'E',1),(4155,'bunk bed',24166,'B',6),(4157,'table',19939,'A',27),(4160,'bunk bed',20541,'E',16),(4164,'chair',23106,'E',22),(4165,'bed',20829,'C',35),(4167,'table',23878,'C',8),(4168,'table',23420,'E',33),(4178,'chair',19222,'A',16),(4182,'bunk bed',20717,'I',46),(4184,'amirah',15592,'E',44),(4186,'amirah',16070,'G',44),(4187,'table',20821,'C',3),(4188,'chair',25518,'A',31),(4190,'chair',20232,'A',1),(4191,'bunk bed',21565,'B',26),(4197,'chair',24508,'A',21),(4198,'amirah',24748,'C',49),(4200,'table',20152,'C',18),(4202,'bunk bed',20177,'A',5),(4205,'bed',25077,'D',50),(4208,'bunk bed',19417,'C',26),(4212,'amirah',18160,'E',39),(4214,'bunk bed',23171,'C',16),(4216,'bed',18869,'C',15),(4221,'chair',18058,'D',32),(4222,'bed',22135,'I',35),(4225,'chair',15942,'H',47),(4232,'amirah',25263,'D',24),(4235,'amirah',24434,'C',19),(4238,'amirah',16653,'F',9),(4242,'chair',21920,'H',12),(4243,'bed',23781,'G',10),(4244,'amirah',22049,'A',28),(4245,'bunk bed',21450,'H',11),(4246,'table',23703,'F',43),(4247,'amirah',18810,'J',24),(4255,'chair',25116,'H',32),(4256,'table',17833,'A',12),(4258,'bed',16625,'I',25),(4260,'chair',17463,'F',32),(4263,'table',23944,'B',38),(4267,'bunk bed',15226,'I',11),(4269,'bed',21354,'B',25),(4270,'table',16065,'E',23),(4273,'bed',22618,'B',40),(4277,'bed',16358,'A',4),(4280,'table',23387,'D',28),(4281,'bunk bed',17770,'G',46),(4300,'bunk bed',16312,'D',21),(4303,'bunk bed',20077,'F',6),(4304,'chair',23243,'A',26),(4307,'bed',22039,'D',10),(4310,'table',20945,'I',43),(4311,'bed',15620,'C',20),(4312,'table',16217,'E',28),(4313,'chair',23874,'G',27),(4318,'table',22733,'G',43),(4319,'bunk bed',15449,'J',11),(4320,'amirah',17401,'G',19),(4330,'bunk bed',21889,'D',36),(4331,'bed',16467,'J',5),(4335,'amirah',25159,'A',13),(4342,'bed',25368,'C',30),(4346,'chair',17090,'F',42),(4349,'amirah',19812,'B',4),(4354,'bunk bed',17209,'F',16),(4357,'chair',19111,'E',47),(4363,'amirah',24857,'E',24),(4366,'chair',19529,'I',32),(4368,'chair',20803,'D',7),(4369,'chair',24664,'D',12),(4370,'bed',22135,'C',45),(4371,'bed',17310,'C',25),(4374,'table',23655,'B',43),(4379,'table',23609,'H',28),(4380,'amirah',20937,'B',14),(4381,'table',15298,'A',17),(4382,'table',22089,'I',38),(4384,'table',19232,'J',28),(4387,'chair',17268,'H',42),(4389,'bunk bed',23129,'I',26),(4390,'table',24457,'I',28),(4394,'bunk bed',25493,'B',1),(4395,'amirah',19308,'B',39),(4407,'table',16050,'I',18),(4410,'table',24246,'G',3),(4414,'bed',19754,'J',25),(4416,'table',16000,'G',38),(4417,'bunk bed',16340,'J',21),(4419,'chair',19183,'G',7),(4420,'bunk bed',17445,'G',26),(4421,'bed',19520,'F',45),(4423,'table',20894,'G',8),(4428,'bunk bed',16967,'C',11),(4429,'bunk bed',16137,'A',40),(4432,'bunk bed',20812,'E',46),(4434,'bed',18433,'C',10),(4435,'amirah',17142,'B',19),(4439,'table',19482,'J',18),(4442,'amirah',17942,'F',14),(4450,'amirah',22833,'I',29),(4452,'amirah',16948,'G',4),(4453,'bunk bed',20167,'D',16),(4455,'bed',16396,'F',30),(4461,'table',25354,'C',23),(4475,'bunk bed',23339,'D',6),(4480,'bed',19734,'E',30),(4483,'amirah',24567,'A',8),(4486,'bunk bed',21962,'F',1),(4487,'bed',17290,'A',24),(4488,'table',21797,'B',18),(4497,'bunk bed',24060,'B',46),(4499,'chair',25415,'B',42),(4501,'table',23808,'B',3),(4504,'bed',24548,'D',15),(4506,'bunk bed',25271,'H',36),(4507,'table',22487,'J',48),(4511,'bunk bed',23231,'A',35),(4512,'amirah',21552,'J',44),(4513,'table',17133,'A',47),(4517,'chair',23221,'D',2),(4520,'amirah',17010,'F',49),(4527,'bunk bed',18732,'I',6),(4529,'bed',18598,'A',9),(4530,'bed',16721,'H',40),(4532,'chair',21624,'F',2),(4533,'bed',24108,'G',5),(4534,'chair',15558,'C',12),(4535,'table',19484,'B',28),(4536,'bed',19765,'C',40),(4537,'table',25215,'H',38),(4539,'amirah',15363,'J',49),(4545,'table',23197,'A',32),(4547,'bunk bed',18935,'E',41),(4549,'chair',17854,'B',7),(4550,'bunk bed',19942,'F',11),(4552,'amirah',18067,'G',39),(4555,'chair',21202,'B',27),(4557,'table',22098,'C',28),(4561,'table',20919,'A',7),(4562,'table',20095,'J',33),(4564,'amirah',19578,'B',34),(4566,'table',18280,'J',13),(4569,'chair',18016,'I',17),(4570,'amirah',16790,'H',49),(4571,'chair',21395,'D',42),(4572,'chair',20174,'B',32),(4573,'bunk bed',23465,'D',11),(4574,'table',21797,'B',23),(4575,'bunk bed',23574,'A',20),(4577,'table',24089,'F',28),(4578,'bed',19360,'I',45),(4579,'amirah',15690,'D',14),(4582,'bunk bed',18823,'B',36),(4583,'bed',23092,'E',25),(4584,'bed',19891,'H',10),(4585,'table',25061,'D',48),(4586,'amirah',23582,'C',4),(4587,'chair',17662,'A',11),(4588,'amirah',20665,'I',34),(4590,'bunk bed',15742,'G',36),(4593,'amirah',16012,'J',9),(4596,'table',23832,'H',18),(4598,'chair',21665,'B',17),(4599,'bunk bed',23501,'A',15),(4600,'bed',19484,'H',35),(4605,'bed',22892,'J',15),(4606,'chair',15765,'D',17),(4608,'bunk bed',23895,'G',1),(4611,'bed',17930,'B',35),(4612,'table',25315,'E',8),(4614,'amirah',22424,'J',39),(4616,'bunk bed',17885,'G',11),(4617,'bunk bed',23354,'A',30),(4621,'bunk bed',24573,'J',46),(4622,'table',20075,'D',8),(4623,'bunk bed',22489,'J',26),(4624,'bunk bed',20442,'A',45),(4625,'table',24496,'J',43),(4626,'chair',24667,'F',47),(4628,'chair',15816,'F',22),(4629,'amirah',19427,'E',49),(4630,'bed',21771,'F',40),(4634,'bunk bed',22528,'F',21),(4637,'amirah',25061,'H',39),(4638,'amirah',25171,'B',29),(4644,'bunk bed',23378,'C',6),(4645,'bunk bed',22139,'F',46),(4647,'amirah',16432,'D',44),(4649,'amirah',17489,'H',19),(4658,'amirah',16170,'J',19),(4659,'bed',24200,'B',20),(4660,'amirah',19295,'H',14),(4663,'amirah',17794,'J',4),(4666,'bed',20185,'I',5),(4667,'chair',24594,'I',37),(4668,'amirah',22198,'D',29),(4669,'chair',17799,'F',27),(4671,'chair',24706,'B',2),(4674,'bed',15919,'A',29),(4676,'bunk bed',19847,'G',6),(4678,'table',19638,'H',3),(4679,'bed',22448,'B',45),(4680,'chair',15674,'G',32),(4682,'bed',21616,'D',30),(4684,'amirah',19944,'F',24),(4688,'bed',20952,'H',15),(4690,'bed',24188,'B',50),(4691,'bed',16575,'J',40),(4696,'table',18541,'E',18),(4700,'table',16552,'D',13),(4703,'table',23622,'J',8),(4704,'chair',22819,'J',47),(4708,'bed',22155,'A',34),(4710,'table',20075,'A',22),(4711,'bunk bed',22232,'F',36),(4712,'chair',21192,'C',2),(4713,'chair',16506,'C',27),(4714,'bunk bed',24142,'E',26),(4720,'bunk bed',22833,'A',25),(4722,'amirah',22107,'E',19),(4726,'chair',19063,'E',27),(4730,'table',23974,'E',13),(4732,'bunk bed',21837,'C',36),(4733,'amirah',20924,'F',44),(4735,'amirah',25137,'C',39),(4736,'bunk bed',19658,'F',41),(4737,'bed',16673,'F',25),(4739,'table',16793,'G',28),(4740,'bed',20346,'A',49),(4741,'amirah',24039,'I',14),(4742,'amirah',18321,'F',34),(4744,'chair',22729,'E',42),(4745,'amirah',21962,'H',4),(4747,'bed',23726,'F',10),(4748,'table',18777,'B',33),(4750,'table',23754,'C',38),(4757,'bunk bed',15667,'B',11),(4758,'bunk bed',20048,'E',11),(4760,'amirah',22743,'C',9),(4766,'table',22349,'A',42),(4767,'bed',25602,'G',15),(4769,'bunk bed',24497,'A',10),(4771,'chair',22107,'C',42),(4782,'bed',23878,'I',50),(4784,'table',23440,'A',2),(4787,'bed',16421,'H',20),(4793,'chair',15556,'C',47),(4795,'bunk bed',15909,'I',21),(4798,'table',21998,'G',18),(4805,'amirah',16531,'G',9),(4807,'chair',23858,'G',37),(4808,'amirah',16853,'A',3),(4809,'amirah',15523,'A',38),(4810,'chair',22874,'E',2),(4813,'chair',19777,'G',12),(4814,'chair',16558,'J',17),(4816,'chair',22285,'B',12),(4822,'table',21749,'C',48),(4823,'bed',21609,'J',20),(4824,'bed',24203,'F',15),(4828,'amirah',18610,'A',33),(4829,'bunk bed',24162,'H',41),(4830,'bed',16013,'E',45),(4833,'bunk bed',21573,'I',36),(4835,'table',20514,'C',43),(4837,'amirah',21120,'B',9),(4838,'amirah',17735,'G',29),(4847,'table',25523,'D',3),(4848,'chair',23890,'I',47),(4850,'table',15371,'I',23),(4855,'bed',21230,'B',30),(4856,'table',18899,'E',43),(4860,'chair',24362,'A',36),(4864,'chair',15630,'C',7),(4869,'amirah',24962,'A',18),(4870,'chair',15439,'A',41),(4872,'bunk bed',17486,'G',21),(4873,'chair',23555,'J',22),(4874,'amirah',24710,'D',49),(4875,'chair',16219,'I',7),(4878,'amirah',25333,'F',39),(4880,'chair',16603,'E',32),(4884,'chair',17504,'J',12),(4889,'amirah',15955,'D',4),(4894,'amirah',24743,'C',44),(4895,'amirah',25108,'B',44),(4899,'bed',19176,'A',39),(4900,'bed',15719,'B',15),(4907,'bed',18579,'G',40),(4908,'amirah',19645,'E',4),(4909,'bunk bed',23869,'C',41),(4911,'table',23023,'B',13),(4916,'table',24204,'A',37),(4918,'bunk bed',15579,'G',16),(4919,'table',18285,'B',48),(4924,'bunk bed',21847,'J',31),(4927,'bunk bed',23864,'B',21),(4928,'bed',20018,'H',5),(4930,'bunk bed',21047,'C',31),(4931,'bed',16120,'F',35),(4932,'chair',23512,'H',27),(4933,'bunk bed',22614,'B',41),(4934,'table',15884,'J',38),(4936,'table',21277,'C',33),(4940,'bed',22635,'D',20),(4944,'table',18896,'H',48),(4946,'chair',18641,'G',17),(4947,'bunk bed',23293,'I',31),(4948,'bed',23202,'C',50),(4949,'bed',24895,'G',25),(4954,'chair',17163,'G',22),(4955,'bunk bed',18180,'J',6),(4958,'bunk bed',18454,'D',41),(4963,'chair',15925,'F',12),(4964,'bed',22322,'H',50),(4965,'bed',18909,'E',35),(4967,'bed',15786,'F',50),(4972,'bunk bed',23716,'J',41),(4974,'table',25620,'C',13),(4975,'bunk bed',22096,'C',21),(4979,'amirah',22982,'A',48),(4982,'bed',19018,'J',30),(4983,'table',24581,'E',3),(4984,'chair',19509,'E',7),(4985,'amirah',16918,'A',43),(4987,'bed',16709,'E',40),(5000,'chair',25350,'C',37);
/*!40000 ALTER TABLE `furniture` ENABLE KEYS */;
UNLOCK TABLES;

--
-- Table structure for table `hostel`
--

DROP TABLE IF EXISTS `hostel`;
/*!40101 SET @saved_cs_client     = @@character_set_client */;
/*!50503 SET character_set_client = utf8mb4 */;
CREATE TABLE `hostel` (
  `block_name` varchar(20) NOT NULL,
  `occupancy` int DEFAULT NULL,
  `capacity` int DEFAULT NULL,
  `laundry_days` varchar(20) DEFAULT NULL,
  PRIMARY KEY (`block_name`),
  CONSTRAINT `hostel_chk_1` CHECK ((`occupancy` <= `capacity`))
) ENGINE=InnoDB DEFAULT CHARSET=utf8mb4 COLLATE=utf8mb4_0900_ai_ci;
/*!40101 SET character_set_client = @saved_cs_client */;

--
-- Dumping data for table `hostel`
--

LOCK TABLES `hostel` WRITE;
/*!40000 ALTER TABLE `hostel` DISABLE KEYS */;
INSERT INTO `hostel` VALUES ('A',110,150,'Monday'),('B',150,200,'Tuesday'),('C',200,210,'Wednesday'),('D',180,190,'Thursday'),('E',170,190,'Friday'),('F',200,200,'Saturday'),('G',130,150,'Sunday'),('H',140,180,'Monday'),('I',200,200,'Tuesday'),('J',170,190,'Wednesday');
/*!40000 ALTER TABLE `hostel` ENABLE KEYS */;
UNLOCK TABLES;

--
-- Table structure for table `hostel_rooms`
--

DROP TABLE IF EXISTS `hostel_rooms`;
/*!40101 SET @saved_cs_client     = @@character_set_client */;
/*!50503 SET character_set_client = utf8mb4 */;
CREATE TABLE `hostel_rooms` (
  `block_name` varchar(20) NOT NULL,
  `room_no` int NOT NULL,
  `sharing_type` varchar(20) DEFAULT NULL,
  `floor` int DEFAULT NULL,
  PRIMARY KEY (`room_no`,`block_name`),
  KEY `block_name` (`block_name`),
  CONSTRAINT `hostel_rooms_ibfk_1` FOREIGN KEY (`block_name`) REFERENCES `hostel` (`block_name`) ON DELETE CASCADE ON UPDATE CASCADE,
  CONSTRAINT `hostel_rooms_chk_1` CHECK (((`sharing_type` = _utf8mb4'single') or (`sharing_type` = _utf8mb4'double') or (`sharing_type` = _utf8mb4'triple')))
) ENGINE=InnoDB DEFAULT CHARSET=utf8mb4 COLLATE=utf8mb4_0900_ai_ci;
/*!40101 SET character_set_client = @saved_cs_client */;

--
-- Dumping data for table `hostel_rooms`
--

LOCK TABLES `hostel_rooms` WRITE;
/*!40000 ALTER TABLE `hostel_rooms` DISABLE KEYS */;
INSERT INTO `hostel_rooms` VALUES ('A',1,'Single',3),('B',1,'Double',2),('C',1,'Single',1),('D',1,'Triple',1),('E',1,'Double',0),('F',1,'Single',2),('G',1,'Triple',0),('H',1,'Double',1),('I',1,'Single',3),('J',1,'Triple',2),('A',2,'Double',3),('B',2,'Triple',1),('C',2,'Double',0),('D',2,'Single',1),('E',2,'Triple',1),('F',2,'Double',3),('G',2,'Single',0),('H',2,'Triple',1),('I',2,'Double',3),('J',2,'Single',1),('A',3,'Triple',0),('B',3,'Single',3),('C',3,'Triple',2),('D',3,'Double',2),('E',3,'Single',2),('F',3,'Triple',3),('G',3,'Double',2),('H',3,'Single',0),('I',3,'Triple',1),('J',3,'Double',3),('A',4,'Single',3),('B',4,'Double',1),('C',4,'Single',3),('D',4,'Triple',3),('E',4,'Double',2),('F',4,'Single',1),('G',4,'Triple',1),('H',4,'Double',2),('I',4,'Single',0),('J',4,'Triple',3),('A',5,'Double',3),('B',5,'Triple',0),('C',5,'Double',1),('D',5,'Single',0),('E',5,'Triple',1),('F',5,'Double',3),('G',5,'Single',1),('H',5,'Triple',1),('I',5,'Double',0),('J',5,'Single',0),('A',6,'Triple',2),('B',6,'Single',2),('C',6,'Triple',1),('D',6,'Double',1),('E',6,'Single',3),('F',6,'Triple',3),('G',6,'Double',3),('H',6,'Single',3),('I',6,'Triple',0),('J',6,'Double',0),('A',7,'Single',3),('B',7,'Double',3),('C',7,'Single',3),('D',7,'Triple',1),('E',7,'Double',0),('F',7,'Single',3),('G',7,'Triple',0),('H',7,'Double',0),('I',7,'Single',1),('J',7,'Triple',3),('A',8,'Double',2),('B',8,'Triple',0),('C',8,'Double',1),('D',8,'Single',2),('E',8,'Triple',2),('F',8,'Double',1),('G',8,'Single',2),('H',8,'Triple',1),('I',8,'Double',1),('J',8,'Single',1),('A',9,'Triple',0),('B',9,'Single',0),('C',9,'Triple',0),('D',9,'Double',0),('E',9,'Single',2),('F',9,'Triple',3),('G',9,'Double',2),('H',9,'Single',2),('I',9,'Triple',3),('J',9,'Double',0),('A',10,'Single',2),('B',10,'Double',2),('C',10,'Single',0),('D',10,'Triple',1),('E',10,'Double',1),('F',10,'Single',3),('G',10,'Triple',1),('H',10,'Double',1),('I',10,'Single',2),('J',10,'Triple',3),('A',11,'Double',0),('B',11,'Triple',2),('C',11,'Double',0),('D',11,'Single',3),('E',11,'Triple',2),('F',11,'Double',0),('G',11,'Single',0),('H',11,'Triple',2),('I',11,'Double',2),('J',11,'Single',1),('A',12,'Triple',2),('B',12,'Single',0),('C',12,'Triple',3),('D',12,'Double',0),('E',12,'Single',3),('F',12,'Triple',1),('G',12,'Double',3),('H',12,'Single',3),('I',12,'Triple',3),('J',12,'Double',0),('A',13,'Single',2),('B',13,'Double',2),('C',13,'Single',0),('D',13,'Triple',2),('E',13,'Double',1),('F',13,'Single',1),('G',13,'Triple',3),('H',13,'Double',0),('I',13,'Single',0),('J',13,'Triple',1),('A',14,'Double',0),('B',14,'Triple',3),('C',14,'Double',0),('D',14,'Single',2),('E',14,'Triple',2),('F',14,'Double',1),('G',14,'Single',2),('H',14,'Triple',1),('I',14,'Double',3),('J',14,'Single',3),('A',15,'Triple',0),('B',15,'Single',0),('C',15,'Triple',0),('D',15,'Double',2),('E',15,'Single',0),('F',15,'Triple',3),('G',15,'Double',0),('H',15,'Single',1),('I',15,'Triple',1),('J',15,'Double',1),('A',16,'Single',3),('B',16,'Double',3),('C',16,'Single',2),('D',16,'Triple',0),('E',16,'Double',1),('F',16,'Single',3),('G',16,'Triple',1),('H',16,'Double',0),('I',16,'Single',0),('J',16,'Triple',2),('A',17,'Double',1),('B',17,'Triple',2),('C',17,'Double',1),('D',17,'Single',1),('E',17,'Triple',2),('F',17,'Double',1),('G',17,'Single',0),('H',17,'Triple',3),('I',17,'Double',0),('J',17,'Single',1),('A',18,'Triple',3),('B',18,'Single',1),('C',18,'Triple',0),('D',18,'Double',0),('E',18,'Single',1),('F',18,'Triple',3),('G',18,'Double',3),('H',18,'Single',1),('I',18,'Triple',3),('J',18,'Double',3),('A',19,'Single',0),('B',19,'Double',3),('C',19,'Single',2),('D',19,'Triple',3),('E',19,'Double',0),('F',19,'Single',3),('G',19,'Triple',2),('H',19,'Double',3),('I',19,'Single',1),('J',19,'Triple',2),('A',20,'Double',1),('B',20,'Triple',2),('C',20,'Double',3),('D',20,'Single',2),('E',20,'Triple',2),('F',20,'Double',0),('G',20,'Single',0),('H',20,'Triple',1),('I',20,'Double',3),('J',20,'Single',2),('A',21,'Triple',2),('B',21,'Single',0),('C',21,'Triple',2),('D',21,'Double',1),('E',21,'Single',0),('F',21,'Triple',0),('G',21,'Double',0),('H',21,'Single',3),('I',21,'Triple',3),('J',21,'Double',3),('A',22,'Single',2),('B',22,'Double',3),('C',22,'Single',2),('D',22,'Triple',0),('E',22,'Double',2),('F',22,'Single',2),('G',22,'Triple',2),('H',22,'Double',0),('I',22,'Single',0),('J',22,'Triple',3),('A',23,'Double',1),('B',23,'Triple',0),('C',23,'Double',0),('D',23,'Single',2),('E',23,'Triple',1),('F',23,'Double',3),('G',23,'Single',0),('H',23,'Triple',3),('I',23,'Double',0),('J',23,'Single',1),('A',24,'Triple',2),('B',24,'Single',1),('C',24,'Triple',1),('D',24,'Double',3),('E',24,'Single',3),('F',24,'Triple',1),('G',24,'Double',3),('H',24,'Single',0),('I',24,'Triple',3),('J',24,'Double',0),('A',25,'Single',1),('B',25,'Double',1),('C',25,'Single',3),('D',25,'Triple',2),('E',25,'Double',1),('F',25,'Single',2),('G',25,'Triple',0),('H',25,'Double',0),('I',25,'Single',1),('J',25,'Triple',2),('A',26,'Double',3),('B',26,'Triple',3),('C',26,'Double',2),('D',26,'Single',2),('E',26,'Triple',1),('F',26,'Double',1),('G',26,'Single',3),('H',26,'Triple',0),('I',26,'Double',3),('J',26,'Single',2),('A',27,'Triple',1),('B',27,'Single',1),('C',27,'Triple',0),('D',27,'Double',3),('E',27,'Single',2),('F',27,'Triple',3),('G',27,'Double',2),('H',27,'Single',2),('I',27,'Triple',2),('J',27,'Double',1),('A',28,'Single',3),('B',28,'Double',2),('C',28,'Single',2),('D',28,'Triple',0),('E',28,'Double',2),('F',28,'Single',0),('G',28,'Triple',1),('H',28,'Double',1),('I',28,'Single',0),('J',28,'Triple',3),('A',29,'Double',1),('B',29,'Triple',2),('C',29,'Double',2),('D',29,'Single',0),('E',29,'Triple',0),('F',29,'Double',0),('G',29,'Single',0),('H',29,'Triple',0),('I',29,'Double',2),('J',29,'Single',1),('A',30,'Triple',3),('B',30,'Single',2),('C',30,'Triple',0),('D',30,'Double',2),('E',30,'Single',3),('F',30,'Triple',3),('G',30,'Double',1),('H',30,'Single',3),('I',30,'Triple',0),('J',30,'Double',1),('A',31,'Single',0),('B',31,'Double',2),('C',31,'Single',0),('D',31,'Triple',0),('E',31,'Double',0),('F',31,'Single',2),('G',31,'Triple',2),('H',31,'Double',2),('I',31,'Single',0),('J',31,'Triple',2),('A',32,'Double',3),('B',32,'Triple',1),('C',32,'Double',1),('D',32,'Single',3),('E',32,'Triple',0),('F',32,'Double',1),('G',32,'Single',3),('H',32,'Triple',0),('I',32,'Double',0),('J',32,'Single',2),('A',33,'Triple',3),('B',33,'Single',2),('C',33,'Triple',0),('D',33,'Double',2),('E',33,'Single',0),('F',33,'Triple',0),('G',33,'Double',0),('H',33,'Single',1),('I',33,'Triple',0),('J',33,'Double',1),('A',34,'Single',0),('B',34,'Double',2),('C',34,'Single',1),('D',34,'Triple',0),('E',34,'Double',3),('F',34,'Single',0),('G',34,'Triple',3),('H',34,'Double',0),('I',34,'Single',2),('J',34,'Triple',3),('A',35,'Double',3),('B',35,'Triple',1),('C',35,'Double',2),('D',35,'Single',0),('E',35,'Triple',0),('F',35,'Double',0),('G',35,'Single',1),('H',35,'Triple',0),('I',35,'Double',3),('J',35,'Single',3),('A',36,'Triple',3),('B',36,'Single',0),('C',36,'Triple',1),('D',36,'Double',3),('E',36,'Single',3),('F',36,'Triple',1),('G',36,'Double',3),('H',36,'Single',0),('I',36,'Triple',0),('J',36,'Double',2),('A',37,'Single',2),('B',37,'Double',2),('C',37,'Single',3),('D',37,'Triple',3),('E',37,'Double',3),('F',37,'Single',0),('G',37,'Triple',3),('H',37,'Double',0),('I',37,'Single',3),('J',37,'Triple',1),('A',38,'Double',2),('B',38,'Triple',0),('C',38,'Double',3),('D',38,'Single',2),('E',38,'Triple',0),('F',38,'Double',1),('G',38,'Single',0),('H',38,'Triple',3),('I',38,'Double',2),('J',38,'Single',3),('A',39,'Triple',0),('B',39,'Single',0),('C',39,'Triple',3),('D',39,'Double',3),('E',39,'Single',3),('F',39,'Triple',0),('G',39,'Double',2),('H',39,'Single',3),('I',39,'Triple',3),('J',39,'Double',0),('A',40,'Single',0),('B',40,'Double',1),('C',40,'Single',2),('D',40,'Triple',3),('E',40,'Double',1),('F',40,'Single',3),('G',40,'Triple',3),('H',40,'Double',1),('I',40,'Single',3),('J',40,'Triple',0),('A',41,'Double',1),('B',41,'Triple',2),('C',41,'Double',3),('D',41,'Single',3),('E',41,'Triple',2),('F',41,'Double',3),('G',41,'Single',0),('H',41,'Triple',2),('I',41,'Double',3),('J',41,'Single',0),('A',42,'Triple',1),('B',42,'Single',3),('C',42,'Triple',2),('D',42,'Double',1),('E',42,'Single',1),('F',42,'Triple',0),('G',42,'Double',1),('H',42,'Single',2),('I',42,'Triple',1),('J',42,'Double',0),('A',43,'Single',0),('B',43,'Double',3),('C',43,'Single',3),('D',43,'Triple',2),('E',43,'Double',0),('F',43,'Single',0),('G',43,'Triple',2),('H',43,'Double',3),('I',43,'Single',1),('J',43,'Triple',3),('A',44,'Double',0),('B',44,'Triple',1),('C',44,'Double',3),('D',44,'Single',2),('E',44,'Triple',3),('F',44,'Double',2),('G',44,'Single',3),('H',44,'Triple',3),('I',44,'Double',0),('J',44,'Single',0),('A',45,'Triple',3),('B',45,'Single',3),('C',45,'Triple',2),('D',45,'Double',2),('E',45,'Single',1),('F',45,'Triple',3),('G',45,'Double',2),('H',45,'Single',1),('I',45,'Triple',0),('J',45,'Double',3),('A',46,'Single',3),('B',46,'Double',1),('C',46,'Single',0),('D',46,'Triple',1),('E',46,'Double',3),('F',46,'Single',1),('G',46,'Triple',1),('H',46,'Double',3),('I',46,'Single',0),('J',46,'Triple',1),('A',47,'Double',0),('B',47,'Triple',3),('C',47,'Double',2),('D',47,'Single',1),('E',47,'Triple',0),('F',47,'Double',1),('G',47,'Single',1),('H',47,'Triple',2),('I',47,'Double',1),('J',47,'Single',3),('A',48,'Triple',3),('B',48,'Single',1),('C',48,'Triple',2),('D',48,'Double',2),('E',48,'Single',1),('F',48,'Triple',1),('G',48,'Double',2),('H',48,'Single',2),('I',48,'Triple',3),('J',48,'Double',1),('A',49,'Single',1),('B',49,'Double',1),('C',49,'Single',0),('D',49,'Triple',1),('E',49,'Double',2),('F',49,'Single',3),('G',49,'Triple',0),('H',49,'Double',0),('I',49,'Single',2),('J',49,'Triple',1),('B',50,'Triple',3),('C',50,'Double',1),('D',50,'Single',0),('E',50,'Triple',2),('F',50,'Double',2),('G',50,'Single',0),('H',50,'Triple',0),('I',50,'Double',3),('J',50,'Single',1);
/*!40000 ALTER TABLE `hostel_rooms` ENABLE KEYS */;
UNLOCK TABLES;

--
-- Table structure for table `leave_rec`
--

DROP TABLE IF EXISTS `leave_rec`;
/*!40101 SET @saved_cs_client     = @@character_set_client */;
/*!50503 SET character_set_client = utf8mb4 */;
CREATE TABLE `leave_rec` (
  `record_no` int NOT NULL,
  `out_time` datetime DEFAULT NULL,
  `in_time` datetime DEFAULT NULL,
  `roll_no` int DEFAULT NULL,
  PRIMARY KEY (`record_no`),
  KEY `roll_no_idx` (`roll_no`),
  CONSTRAINT `leave_rec_ibfk_1` FOREIGN KEY (`roll_no`) REFERENCES `student` (`roll_no`)
) ENGINE=InnoDB DEFAULT CHARSET=utf8mb4 COLLATE=utf8mb4_0900_ai_ci;
/*!40101 SET character_set_client = @saved_cs_client */;

--
-- Dumping data for table `leave_rec`
--

LOCK TABLES `leave_rec` WRITE;
/*!40000 ALTER TABLE `leave_rec` DISABLE KEYS */;
INSERT INTO `leave_rec` VALUES (1,'2020-10-04 22:00:39','2020-10-05 01:34:28',56),(4,'2020-10-04 22:00:42','2020-10-05 01:34:31',85),(6,'2020-10-04 22:00:44','2020-10-05 01:34:33',19),(8,'2020-10-04 22:00:46','2020-10-05 01:34:35',1),(9,'2020-10-04 22:00:47','2020-10-05 01:34:36',19),(10,'2020-10-04 22:00:48','2020-10-05 01:34:37',81),(12,'2020-10-04 22:00:50','2020-10-05 01:34:39',80),(13,'2020-10-04 22:00:51','2020-10-05 01:34:40',22),(14,'2020-10-04 22:00:52','2020-10-05 01:34:41',34),(15,'2020-10-04 22:00:53','2020-10-05 01:34:42',19),(16,'2020-10-04 22:00:54','2020-10-05 01:34:43',83),(17,'2020-10-04 22:00:55','2020-10-05 01:34:44',75),(19,'2020-10-04 22:00:57','2020-10-05 01:34:46',2),(20,'2020-10-04 22:00:58','2020-10-05 01:34:47',62),(21,'2020-10-04 22:00:59','2020-10-05 01:34:48',84),(46,'2020-10-05 01:34:31','2020-10-09 04:34:56',2),(47,'2020-10-05 01:34:32','2020-10-09 16:05:39',77),(48,'2020-10-05 01:34:33','2020-10-07 07:52:10',8),(49,'2020-10-05 01:34:34','2020-10-05 13:35:41',59),(51,'2020-10-05 01:34:36','2020-10-16 19:49:13',82),(52,'2020-10-05 01:34:37','2020-10-13 16:55:56',72),(54,'2020-10-05 01:34:40','2020-10-17 09:34:14',67),(55,'2020-10-05 01:34:41','2020-10-21 20:19:53',46),(56,'2020-10-05 01:34:42','2020-10-14 08:51:06',27),(57,'2020-10-05 01:34:44','2020-10-12 16:53:05',96),(58,'2020-10-05 01:34:46','2020-10-21 15:16:58',87),(59,'2020-10-05 01:34:47','2020-10-10 22:58:30',43),(60,'2020-10-05 01:34:48','2020-10-05 18:41:14',81),(61,'2020-10-05 01:34:50','2020-10-16 01:05:29',88),(66,'2020-10-05 01:34:57','2020-10-11 02:07:46',92),(67,'2020-10-05 01:34:58','2020-10-26 16:44:20',31),(68,'2020-10-05 01:34:59','2020-10-16 08:06:56',78),(487,'2020-10-01 07:43:40','2021-01-12 15:38:45',38),(489,'2020-10-01 18:20:11','2021-01-28 20:07:45',8),(491,'2020-10-02 06:00:34','2021-01-31 22:48:26',90),(492,'2020-10-02 07:44:32','2020-11-08 15:21:45',34),(494,'2020-10-02 15:55:19','2020-10-14 21:34:31',14),(495,'2020-10-02 21:48:41','2021-01-28 01:03:05',14),(496,'2020-10-03 01:24:31','2020-12-27 00:00:22',71),(497,'2020-10-03 02:18:00','2021-02-06 22:20:22',6),(498,'2020-10-03 02:41:13','2020-12-23 09:30:17',48),(499,'2020-10-03 09:11:54','2020-11-14 21:33:29',90),(500,'2020-10-03 09:40:57','2020-10-15 03:03:35',12),(501,'2020-10-03 09:53:39','2020-11-22 00:58:06',76),(502,'2020-10-03 10:57:11','2020-12-07 09:16:57',16),(503,'2020-10-03 11:43:54','2020-10-28 16:34:47',45),(504,'2020-10-03 13:29:45','2020-10-23 08:39:58',10),(505,'2020-10-03 17:02:06','2021-01-19 17:05:25',45),(506,'2020-10-03 21:04:30','2020-10-14 09:53:44',16),(507,'2020-10-04 00:08:23','2020-10-11 16:10:44',45),(509,'2020-10-04 09:58:50','2020-11-18 13:49:13',96),(510,'2020-10-04 10:24:32','2020-12-17 18:06:04',56),(511,'2020-10-04 11:36:48','2020-10-20 18:37:07',42),(512,'2020-10-04 14:59:53','2021-01-15 22:11:20',90),(513,'2020-10-04 15:07:25','2021-02-09 23:34:53',90),(514,'2020-10-04 15:22:44','2020-11-05 00:36:44',27),(515,'2020-10-04 16:31:26','2020-12-19 05:48:31',15),(517,'2020-10-04 20:55:45','2020-11-22 16:59:10',8),(518,'2020-10-05 02:08:20','2021-01-14 18:11:22',92),(519,'2020-10-05 03:08:54','2020-10-30 21:07:28',11),(520,'2020-10-05 04:38:32','2020-11-27 23:47:26',44),(521,'2020-10-05 06:30:12','2021-01-31 09:49:10',32),(522,'2020-10-05 06:41:23','2020-10-19 13:58:38',2),(524,'2020-10-05 10:45:08','2021-01-09 23:21:59',95),(525,'2020-10-05 11:05:49','2020-10-26 02:48:36',85),(526,'2020-10-05 12:23:21','2020-12-07 20:16:55',11),(528,'2020-10-06 00:03:00','2020-12-26 04:40:36',49),(529,'2020-10-06 01:18:48','2020-12-26 16:54:37',10),(530,'2020-10-06 04:12:27','2020-12-30 00:18:45',47),(533,'2020-10-06 09:04:23','2021-01-04 13:39:40',76),(536,'2020-10-07 05:35:26','2021-02-07 13:40:56',62),(538,'2020-10-07 07:03:47','2020-10-12 18:44:18',34),(539,'2020-10-07 07:40:29','2020-11-30 15:24:39',35),(540,'2020-10-07 13:40:20','2020-10-21 23:47:40',67),(542,'2020-10-08 02:25:40','2020-11-28 12:46:14',84),(544,'2020-10-08 10:07:31','2021-01-31 04:10:03',74),(545,'2020-10-08 14:36:14','2020-12-13 11:29:26',3),(546,'2020-10-08 14:44:29','2021-01-26 02:27:35',41),(548,'2020-10-08 18:57:39','2020-10-29 14:49:54',47),(549,'2020-10-08 20:25:54','2020-10-18 17:35:10',40),(550,'2020-10-09 01:05:17','2020-10-11 13:01:40',52),(552,'2020-10-09 16:22:18','2020-10-26 13:28:23',85),(553,'2020-10-09 20:17:11','2021-01-15 16:17:26',96),(554,'2020-10-09 22:13:07','2020-12-20 20:07:33',67),(556,'2020-10-10 02:26:33','2021-01-10 23:18:00',40),(558,'2020-10-10 03:24:58','2021-02-07 18:08:55',52),(560,'2020-10-10 11:43:39','2020-10-15 19:04:05',72),(561,'2020-10-10 11:48:09','2020-12-01 09:28:42',12),(562,'2020-10-10 14:48:53','2020-10-16 05:22:57',88),(563,'2020-10-10 15:22:34','2020-11-23 04:21:59',78),(564,'2020-10-10 20:26:16','2021-01-16 13:39:36',31),(566,'2020-10-11 07:11:23','2020-10-12 17:28:50',19),(567,'2020-10-11 08:50:58','2021-01-20 11:17:44',59),(568,'2020-10-11 17:40:52','2020-12-19 12:12:18',94),(569,'2020-10-11 17:45:01','2021-02-08 01:40:03',16),(570,'2020-10-11 20:22:05','2021-01-04 04:35:09',49),(571,'2020-10-12 02:02:54','2020-10-24 11:21:54',92),(572,'2020-10-12 09:26:44','2020-12-17 12:38:23',1),(573,'2020-10-12 12:26:56','2020-11-27 23:12:55',96),(574,'2020-10-12 23:49:47','2020-11-28 01:27:05',71),(575,'2020-10-13 03:41:42','2020-11-16 00:50:27',36),(576,'2020-10-13 05:17:29','2020-11-17 07:33:20',54),(577,'2020-10-13 14:15:29','2020-12-16 12:00:16',27),(578,'2020-10-13 20:15:10','2021-01-25 01:28:09',86),(579,'2020-10-14 05:03:51','2020-12-20 14:41:48',16),(580,'2020-10-14 08:07:00','2021-01-12 04:48:38',50),(581,'2020-10-14 11:26:49','2020-10-25 00:46:19',67),(582,'2020-10-14 14:02:35','2020-12-12 04:18:31',28),(584,'2020-10-14 18:11:58','2021-01-19 19:04:35',76),(585,'2020-10-14 19:18:05','2021-02-07 21:58:09',67),(586,'2020-10-14 23:14:31','2020-12-21 02:08:38',19),(587,'2020-10-15 02:10:31','2020-12-16 20:49:27',1),(588,'2020-10-15 06:49:47','2021-01-20 11:35:35',86),(591,'2020-10-15 10:41:37','2021-01-18 00:07:15',5),(592,'2020-10-15 15:52:54','2020-11-19 22:52:49',11),(593,'2020-10-15 23:10:47','2020-12-20 11:01:10',12),(594,'2020-10-15 23:53:11','2020-11-06 00:11:09',44),(595,'2020-10-16 02:50:07','2020-12-28 22:44:21',47),(597,'2020-10-16 13:23:01','2020-11-13 05:22:35',93),(598,'2020-10-16 17:07:24','2020-12-26 16:05:22',91),(599,'2020-10-16 20:19:51','2020-11-18 22:34:19',8),(600,'2020-10-16 22:15:12','2020-10-25 15:18:36',85),(604,'2020-10-17 02:01:39','2020-10-18 05:22:42',49),(605,'2020-10-17 02:23:18','2021-02-03 15:17:50',81),(606,'2020-10-17 03:25:23','2020-10-19 07:50:25',4),(609,'2020-10-17 07:32:28','2021-02-06 21:25:56',68),(612,'2020-10-17 22:20:08','2020-10-20 19:02:08',87),(613,'2020-10-18 02:43:45','2021-01-30 12:58:19',86),(614,'2020-10-18 03:49:11','2021-01-18 12:06:57',15),(617,'2020-10-18 15:49:02','2021-01-11 19:36:48',37),(618,'2020-10-18 22:14:33','2020-11-13 10:57:32',32),(619,'2020-10-19 00:50:22','2020-11-17 18:58:02',94),(620,'2020-10-19 02:09:54','2020-11-05 04:38:47',75),(621,'2020-10-19 07:02:07','2021-01-01 13:45:20',96),(622,'2020-10-19 09:37:10','2020-12-14 23:37:15',95),(623,'2020-10-19 13:44:44','2020-11-10 03:13:57',78),(625,'2020-10-19 18:31:06','2021-01-10 23:06:24',37),(626,'2020-10-19 18:44:20','2020-11-07 20:59:32',71),(627,'2020-10-19 19:14:26','2020-10-27 07:44:28',52),(628,'2020-10-19 20:40:01','2021-01-15 12:34:13',35),(629,'2020-10-19 21:50:38','2020-11-22 17:35:29',56),(630,'2020-10-19 22:34:26','2020-11-18 18:20:33',54),(631,'2020-10-20 00:38:21','2020-11-16 11:30:16',28),(632,'2020-10-20 06:59:04','2020-11-23 22:10:01',35),(633,'2020-10-20 11:34:09','2020-11-02 11:44:22',37),(636,'2020-10-21 05:49:21','2021-02-06 11:14:15',82),(640,'2020-10-21 15:02:07','2020-12-13 19:52:29',32),(641,'2020-10-21 20:01:02','2021-02-07 15:04:12',83),(642,'2020-10-22 01:25:18','2020-11-02 02:09:27',12),(643,'2020-10-22 05:44:56','2021-01-12 06:21:41',95),(644,'2020-10-22 09:16:00','2021-01-20 23:36:32',67),(645,'2020-10-22 13:02:02','2020-12-16 08:49:28',2),(646,'2020-10-22 13:43:11','2021-01-18 21:02:44',48),(647,'2020-10-22 15:39:42','2020-11-19 00:03:09',47),(650,'2020-10-22 22:22:42','2021-02-07 09:54:22',36),(651,'2020-10-23 02:51:06','2021-01-22 09:02:43',81),(652,'2020-10-23 05:10:24','2021-01-12 23:31:24',83),(654,'2020-10-23 11:19:18','2021-01-27 16:35:53',72),(656,'2020-10-23 16:45:01','2020-12-15 17:09:01',74),(657,'2020-10-24 01:04:53','2020-12-08 13:34:57',35),(658,'2020-10-24 01:36:32','2021-01-03 21:54:04',72),(659,'2020-10-24 06:39:34','2020-11-07 16:30:36',46),(660,'2020-10-24 09:40:58','2021-01-29 14:49:37',19),(661,'2020-10-24 11:04:17','2020-11-14 22:26:10',75),(662,'2020-10-24 12:51:41','2020-12-09 12:19:38',41),(664,'2020-10-24 18:04:42','2020-10-30 10:08:52',43),(665,'2020-10-24 22:02:26','2020-11-21 07:20:29',4),(666,'2020-10-25 00:03:27','2020-11-30 01:26:07',88),(667,'2020-10-25 01:03:16','2020-10-31 19:43:10',1),(668,'2020-10-25 06:34:51','2021-01-28 13:11:02',50),(670,'2020-10-25 10:38:56','2021-02-05 16:28:54',2),(672,'2020-10-25 17:22:19','2020-12-15 15:33:27',55),(673,'2020-10-25 18:05:45','2021-01-20 11:25:22',11),(675,'2020-10-26 01:14:54','2021-01-10 12:15:09',43),(676,'2020-10-26 02:03:02','2020-12-16 13:56:58',7),(677,'2020-10-26 04:32:37','2021-01-13 14:47:12',34),(678,'2020-10-26 05:24:53','2021-01-02 06:36:47',38),(680,'2020-10-26 14:24:54','2021-01-07 09:49:11',96),(681,'2020-10-26 21:02:32','2020-12-26 07:05:02',12),(682,'2020-10-26 21:09:18','2020-12-20 15:08:38',55),(684,'2020-10-27 00:12:12','2021-01-05 08:45:18',44),(685,'2020-10-27 04:32:58','2021-02-08 17:46:50',62),(686,'2020-10-27 10:00:09','2020-11-19 02:01:14',81),(687,'2020-10-27 12:30:21','2021-02-01 10:37:13',71),(688,'2020-10-27 15:48:17','2021-01-30 13:58:49',34),(689,'2020-10-27 19:26:05','2020-11-23 11:09:58',9),(691,'2020-10-27 23:37:12','2020-12-25 15:24:32',46),(692,'2020-10-28 07:59:06','2020-12-30 01:30:45',1),(693,'2020-10-28 10:32:12','2021-01-24 23:50:02',42),(695,'2020-10-28 14:16:42','2020-11-04 04:30:06',87),(696,'2020-10-28 14:52:57','2020-12-13 23:14:36',11),(697,'2020-10-28 16:21:26','2021-01-08 16:41:53',41),(698,'2020-10-28 17:13:23','2020-12-15 13:50:49',72),(699,'2020-10-28 23:56:49','2020-11-24 19:20:30',28),(700,'2020-10-29 08:13:53','2021-02-06 03:35:13',78),(702,'2020-10-29 17:23:10','2021-01-11 10:30:36',4),(703,'2020-10-29 22:24:15','2020-11-02 01:06:20',31),(704,'2020-10-30 01:22:54','2020-11-05 22:17:20',7),(705,'2020-10-30 05:04:05','2021-01-15 08:22:14',77),(707,'2020-10-30 08:32:26','2020-11-19 09:26:59',16),(708,'2020-10-30 13:54:19','2020-10-31 12:24:02',7),(709,'2020-10-30 16:06:00','2020-12-21 13:07:17',68),(710,'2020-10-31 00:40:10','2020-11-24 01:39:39',91),(712,'2020-10-31 11:44:52','2020-11-13 12:37:37',43),(713,'2020-10-31 18:59:23','2020-11-07 04:38:29',77),(715,'2020-10-31 22:49:26','2021-01-12 07:53:03',16),(717,'2020-11-01 10:36:50','2020-12-01 10:17:57',56),(719,'2020-11-02 00:53:04','2020-12-29 09:24:08',36),(721,'2020-11-02 05:29:25','2020-12-12 21:32:48',83),(722,'2020-11-02 08:55:03','2020-12-02 16:08:32',3),(723,'2020-11-02 11:13:24','2020-12-17 02:37:12',40),(725,'2020-11-02 12:38:27','2021-01-13 08:22:04',47),(728,'2020-11-03 00:56:41','2020-12-12 06:07:46',80),(730,'2020-11-03 05:17:09','2020-12-13 18:51:52',47),(731,'2020-11-03 11:04:04','2020-12-13 03:40:09',55),(733,'2020-11-04 01:26:46','2021-01-18 17:57:07',87),(734,'2020-11-04 03:12:43','2021-01-10 06:20:14',37),(738,'2020-11-04 21:51:11','2021-01-17 10:03:38',99),(739,'2020-11-04 22:39:15','2020-12-08 21:50:41',94),(740,'2020-11-05 09:26:03','2020-11-11 23:36:47',45),(742,'2020-11-05 17:00:01','2020-12-22 08:43:17',49),(743,'2020-11-06 20:08:31','2020-12-07 01:21:08',50),(744,'2020-11-06 20:55:48','2020-12-29 23:36:05',82),(745,'2020-11-07 00:14:12','2021-01-04 05:40:28',93),(746,'2020-11-07 05:09:12','2020-12-12 15:58:44',85),(747,'2020-11-07 05:24:07','2020-12-20 02:23:39',86),(748,'2020-11-07 06:52:53','2020-12-25 02:56:23',3),(750,'2020-11-07 13:54:30','2021-02-02 06:34:08',76),(751,'2020-11-07 16:48:14','2020-12-27 02:13:14',87),(753,'2020-11-08 09:55:45','2021-01-05 23:54:50',53),(754,'2020-11-10 02:44:36','2020-11-21 03:46:54',7),(756,'2020-11-10 14:07:36','2020-12-08 14:33:25',68),(757,'2020-11-10 20:21:03','2020-12-08 12:49:26',78),(758,'2020-11-10 20:27:15','2020-12-03 04:26:47',6),(759,'2020-11-10 23:56:59','2020-12-29 08:25:39',10),(760,'2020-11-11 01:39:10','2020-12-22 07:10:06',38),(761,'2020-11-11 12:01:25','2021-02-06 21:40:35',41),(763,'2020-11-12 11:32:06','2021-01-04 23:15:36',87),(764,'2020-11-12 12:49:04','2021-01-30 23:45:22',11),(765,'2020-11-12 16:44:59','2020-12-07 16:07:44',56),(766,'2020-11-12 20:58:26','2020-12-09 08:02:07',31),(767,'2020-11-12 21:43:08','2020-11-18 21:49:42',44),(768,'2020-11-12 22:38:47','2020-12-07 04:59:33',27),(771,'2020-11-13 09:49:25','2021-01-24 12:48:55',91),(772,'2020-11-13 10:20:26','2020-11-22 19:10:05',91),(773,'2020-11-13 12:06:22','2020-12-02 20:45:38',36),(774,'2020-11-13 13:39:44','2020-11-25 14:32:56',96),(775,'2020-11-13 21:11:03','2020-12-13 15:36:48',45),(776,'2020-11-13 23:44:00','2020-11-30 14:03:31',89),(779,'2020-11-14 08:12:32','2021-01-22 17:54:55',96),(780,'2020-11-14 12:16:32','2021-01-02 22:14:29',1),(781,'2020-11-14 15:42:07','2020-11-29 11:47:39',82),(782,'2020-11-15 19:32:59','2021-01-21 10:55:24',13),(783,'2020-11-16 01:16:46','2021-01-01 01:56:25',31),(784,'2020-11-16 02:05:15','2020-12-04 09:47:15',46),(785,'2020-11-16 02:09:07','2020-12-06 06:38:48',35),(789,'2020-11-16 18:43:25','2021-02-04 14:38:02',40),(790,'2020-11-17 04:38:12','2020-12-08 21:44:03',4),(792,'2020-11-17 13:21:15','2020-11-27 14:48:38',78),(793,'2020-11-17 14:07:10','2020-12-23 03:59:03',88),(794,'2020-11-17 20:13:49','2020-12-26 11:25:08',5),(796,'2020-11-18 18:14:09','2020-12-04 19:18:59',28),(797,'2020-11-18 18:38:52','2020-11-25 15:57:26',5),(798,'2020-11-18 21:13:11','2021-01-20 13:57:34',5),(799,'2020-11-19 02:06:10','2021-01-14 12:13:40',84),(801,'2020-11-19 12:32:33','2021-01-07 17:55:15',59),(803,'2020-11-19 15:47:22','2020-12-04 11:25:22',42),(804,'2020-11-19 16:24:25','2020-11-21 06:55:43',28),(805,'2020-11-20 00:19:43','2021-01-12 08:13:11',86),(806,'2020-11-20 03:54:35','2021-02-07 11:45:04',56),(807,'2020-11-20 07:42:45','2020-12-26 13:57:00',15),(808,'2020-11-20 12:02:50','2021-01-20 05:28:01',13),(809,'2020-11-20 12:56:13','2020-12-19 06:06:25',85),(814,'2020-11-21 07:49:28','2021-01-02 04:44:03',12),(816,'2020-11-21 17:29:28','2020-12-10 20:19:50',22),(821,'2020-11-24 01:52:20','2020-12-25 09:47:01',45),(822,'2020-11-24 04:42:01','2021-01-25 11:26:11',76),(823,'2020-11-24 17:06:49','2020-12-28 12:15:21',75),(824,'2020-11-24 21:00:11','2021-02-07 23:39:11',38),(825,'2020-11-24 23:40:45','2020-12-30 00:30:00',14),(827,'2020-11-25 11:35:45','2020-11-30 20:56:52',37),(829,'2020-11-26 14:07:58','2021-01-31 10:50:00',76),(830,'2020-11-26 16:11:45','2020-12-02 03:13:10',50),(831,'2020-11-26 18:51:30','2021-01-25 11:12:48',71),(832,'2020-11-26 23:36:59','2021-01-04 07:29:54',1),(833,'2020-11-27 12:00:32','2020-12-16 12:29:18',94),(835,'2020-11-27 14:21:55','2020-12-31 21:02:29',74),(837,'2020-11-27 15:07:04','2021-02-04 00:14:45',13),(838,'2020-11-27 20:40:30','2020-12-29 03:49:20',53),(839,'2020-11-28 04:43:05','2020-12-17 17:26:58',77),(840,'2020-11-28 10:52:34','2020-11-30 17:39:09',8),(841,'2020-11-28 21:16:06','2020-12-10 06:53:54',80),(842,'2020-11-28 21:25:50','2021-01-19 03:36:47',78),(843,'2020-11-28 22:44:01','2020-12-13 14:58:26',86),(844,'2020-11-29 06:30:18','2021-01-01 04:32:15',41),(845,'2020-11-29 13:25:34','2020-11-29 20:37:54',22),(846,'2020-11-29 14:16:48','2021-01-18 17:58:33',12),(847,'2020-11-29 20:46:48','2021-01-06 07:16:45',62),(848,'2020-11-30 04:13:24','2021-01-10 11:20:37',83),(851,'2020-11-30 20:14:49','2020-12-05 23:54:28',13),(853,'2020-12-01 06:55:38','2021-01-15 02:09:13',84),(854,'2020-12-01 08:02:01','2021-01-20 12:29:45',74),(856,'2020-12-01 20:48:31','2020-12-21 09:59:07',41),(857,'2020-12-02 15:25:26','2021-01-03 19:56:49',48),(858,'2020-12-02 20:58:54','2021-01-31 13:40:10',48),(860,'2020-12-03 14:56:43','2020-12-27 13:09:50',85),(861,'2020-12-06 02:49:30','2021-01-06 18:39:36',46),(862,'2020-12-06 09:19:32','2021-01-15 22:09:35',47),(863,'2020-12-06 12:45:36','2021-02-08 02:43:33',41),(865,'2020-12-07 14:45:45','2021-01-28 09:36:42',68),(866,'2020-12-08 19:36:12','2021-01-28 09:51:02',40),(868,'2020-12-09 07:00:30','2020-12-15 16:53:01',31),(870,'2020-12-09 23:03:04','2020-12-18 21:57:44',84),(871,'2020-12-09 23:56:08','2021-02-07 12:52:53',82),(872,'2020-12-10 03:35:06','2020-12-30 23:34:36',99),(873,'2020-12-10 05:20:48','2021-02-06 05:26:21',83),(874,'2020-12-10 05:23:46','2021-02-06 05:29:58',67),(875,'2020-12-10 06:27:08','2021-01-18 16:32:17',50),(876,'2020-12-10 16:22:46','2020-12-11 08:32:55',87),(877,'2020-12-10 16:25:14','2021-02-04 05:31:28',88),(878,'2020-12-11 07:07:45','2021-01-13 09:31:25',62),(879,'2020-12-11 08:53:45','2021-01-04 12:21:15',5),(880,'2020-12-11 11:34:52','2020-12-28 23:41:00',47),(881,'2020-12-11 12:32:53','2020-12-17 12:37:17',13),(883,'2020-12-11 21:02:11','2021-01-29 18:00:04',87),(884,'2020-12-12 10:21:50','2021-02-04 09:32:33',92),(885,'2020-12-12 14:16:08','2021-01-09 19:49:13',78),(887,'2020-12-14 00:02:03','2020-12-31 10:01:32',77),(888,'2020-12-14 05:45:44','2021-01-08 15:43:15',75),(889,'2020-12-14 17:49:16','2021-02-01 05:31:30',6),(890,'2020-12-15 01:05:55','2021-01-10 09:46:52',89),(891,'2020-12-15 07:26:47','2020-12-15 22:30:06',68),(893,'2020-12-15 17:43:26','2020-12-21 17:33:40',34),(894,'2020-12-16 02:39:39','2020-12-21 20:21:49',16),(895,'2020-12-16 07:22:36','2021-01-08 08:09:27',75),(897,'2020-12-17 03:59:56','2021-01-20 09:44:12',92),(899,'2020-12-18 01:38:40','2021-01-21 08:19:17',48),(900,'2020-12-18 03:10:11','2021-01-25 19:03:18',40),(901,'2020-12-18 06:52:58','2020-12-29 08:13:04',38),(902,'2020-12-18 13:17:53','2021-01-05 17:27:06',72),(903,'2020-12-19 06:42:51','2021-01-09 01:39:54',56),(905,'2020-12-20 01:15:35','2021-01-08 02:13:24',74),(906,'2020-12-20 01:52:05','2020-12-21 12:16:26',85),(907,'2020-12-21 19:18:41','2020-12-23 21:30:29',12),(908,'2020-12-22 00:44:15','2021-02-02 08:48:55',5),(912,'2020-12-22 09:54:01','2020-12-26 17:15:05',74),(913,'2020-12-22 13:50:11','2021-02-06 03:17:45',94),(915,'2020-12-22 19:08:32','2021-01-09 00:19:02',8),(916,'2020-12-23 13:08:04','2021-01-20 05:11:02',41),(917,'2020-12-23 21:10:43','2021-01-29 19:05:49',5),(918,'2020-12-23 21:52:02','2020-12-31 09:25:06',12),(919,'2020-12-23 21:53:08','2021-02-05 11:41:04',91),(920,'2020-12-24 06:31:15','2021-01-19 04:33:17',22),(921,'2020-12-24 19:39:13','2021-01-28 15:56:14',55),(922,'2020-12-25 12:16:12','2021-01-14 08:32:56',67),(923,'2020-12-25 16:51:59','2021-01-11 10:28:34',76),(925,'2020-12-25 22:45:05','2021-01-18 14:50:49',12),(926,'2020-12-25 23:43:38','2021-02-02 01:46:04',36),(928,'2020-12-26 09:55:22','2021-01-15 16:15:26',53),(929,'2020-12-26 11:15:58','2021-01-06 14:59:05',2),(930,'2020-12-26 12:24:06','2021-01-06 16:50:22',13),(931,'2020-12-26 12:47:22','2021-01-12 20:10:30',88),(932,'2020-12-26 21:40:55','2021-01-16 14:43:41',53),(933,'2020-12-26 21:53:53','2021-01-06 09:54:19',14),(935,'2020-12-27 06:46:25','2021-01-29 21:12:31',74),(936,'2020-12-28 17:24:09','2021-01-09 00:00:11',16),(937,'2020-12-28 19:37:30','2021-01-24 21:36:03',55),(938,'2020-12-29 15:00:17','2021-01-16 23:29:48',88),(939,'2020-12-30 02:42:46','2021-02-02 00:39:30',52),(940,'2020-12-30 12:56:50','2021-01-20 08:12:09',87),(941,'2020-12-30 16:48:09','2021-01-01 23:00:02',87),(943,'2020-12-30 22:00:27','2021-01-18 14:28:03',89),(944,'2020-12-30 23:52:40','2021-01-06 07:35:38',77),(945,'2020-12-31 04:39:47','2021-02-08 03:01:39',87),(947,'2020-12-31 16:31:57','2021-01-27 00:42:39',46),(948,'2020-12-31 20:41:26','2021-01-06 02:00:25',32),(949,'2021-01-01 01:20:16','2021-02-07 02:40:35',92),(951,'2021-01-02 01:23:19','2021-02-03 20:14:29',71),(952,'2021-01-02 10:33:25','2021-01-22 18:25:48',93),(953,'2021-01-03 08:57:59','2021-01-05 01:57:26',13),(954,'2021-01-03 22:18:56','2021-02-04 21:01:20',45),(958,'2021-01-05 05:11:08','2021-01-05 20:27:49',53),(959,'2021-01-05 10:34:45','2021-01-29 23:04:47',34),(960,'2021-01-07 09:41:06','2021-01-31 06:18:32',8),(963,'2021-01-07 23:37:48','2021-02-05 13:24:17',85),(964,'2021-01-08 06:36:36','2021-02-07 18:16:51',52),(965,'2021-01-08 17:46:36','2021-01-18 11:57:49',82),(967,'2021-01-09 06:31:59','2021-01-26 01:32:37',51),(969,'2021-01-10 07:00:04','2021-01-31 05:52:59',27),(971,'2021-01-11 05:40:59','2021-01-17 08:50:57',6),(973,'2021-01-13 01:05:29','2021-02-02 22:05:39',31),(974,'2021-01-15 02:06:53','2021-01-29 17:31:08',95),(975,'2021-01-15 10:15:44','2021-01-30 11:41:13',52),(976,'2021-01-17 22:12:53','2021-02-08 01:17:55',11),(977,'2021-01-18 10:35:30','2021-01-20 03:15:39',14),(978,'2021-01-18 10:54:32','2021-02-05 17:44:54',44),(979,'2021-01-19 16:10:03','2021-01-23 05:41:37',77),(980,'2021-01-21 19:20:49','2021-01-24 18:18:11',49),(981,'2021-01-22 09:59:27','2021-01-22 13:11:45',9),(982,'2021-01-22 22:36:14','2021-01-24 01:28:26',5),(983,'2021-01-24 19:42:19','2021-01-29 12:28:24',46),(984,'2021-01-25 12:25:55','2021-01-28 17:54:28',5),(985,'2021-01-26 02:25:18','2021-01-26 18:03:30',37),(986,'2021-02-03 12:16:58','2021-02-04 06:14:30',22),(987,'2021-02-03 16:56:40','2021-02-08 14:27:09',51),(988,'2021-02-04 08:42:15','2021-02-05 02:37:33',89);
/*!40000 ALTER TABLE `leave_rec` ENABLE KEYS */;
UNLOCK TABLES;

--
-- Table structure for table `postgrad`
--

DROP TABLE IF EXISTS `postgrad`;
/*!40101 SET @saved_cs_client     = @@character_set_client */;
/*!50503 SET character_set_client = utf8mb4 */;
CREATE TABLE `postgrad` (
  `roll_no` int NOT NULL,
  `supervisior` varchar(45) DEFAULT NULL,
  `block_name` varchar(20) DEFAULT NULL,
  PRIMARY KEY (`roll_no`),
  KEY `block_name_idx` (`block_name`),
  CONSTRAINT `postgrad_ibfk_1` FOREIGN KEY (`block_name`) REFERENCES `hostel` (`block_name`),
  CONSTRAINT `postgrad_ibfk_2` FOREIGN KEY (`roll_no`) REFERENCES `student` (`roll_no`) ON DELETE CASCADE ON UPDATE CASCADE
) ENGINE=InnoDB DEFAULT CHARSET=utf8mb4 COLLATE=utf8mb4_0900_ai_ci;
/*!40101 SET character_set_client = @saved_cs_client */;

--
-- Dumping data for table `postgrad`
--

LOCK TABLES `postgrad` WRITE;
/*!40000 ALTER TABLE `postgrad` DISABLE KEYS */;
INSERT INTO `postgrad` VALUES (1,'barjraj','A'),(2,'ramdin verma','A'),(3,'sharat chandran','A'),(4,'birender mandal','A'),(5,'amit','A'),(6,'kushal','A'),(7,'kasid','A'),(8,'shiv prakash','A'),(9,'vikram singh','A'),(10,'sanjay','A'),(11,'abhi','A'),(12,'ram dutt gupta','A'),(13,'khadak singh','A'),(14,'gurmit singh','A'),(15,'chanderpal','A'),(16,'aman','A'),(19,'durgesh','A'),(22,'sunder paal','A'),(27,'santosh','A'),(28,'santosh','A'),(31,'gulshan','A'),(32,'arvind kumar yadav','A'),(34,'gurmit singh','A'),(35,'md. afsar','A'),(36,'shiv shakti singh','A'),(37,'moti lal','A'),(38,'kausal kumar','A'),(40,'rohit','A'),(41,'mohabbat ali','A'),(42,'raj kumar','A'),(43,'jaswant singh','A'),(44,'sevak @ pitambar lal','A'),(45,'chotelal','A'),(46,'amit','A'),(47,'rupesh','A'),(48,'midda','A'),(49,'dharam singh','A'),(50,'manoj yadav @ manoj','B'),(51,'ram singh','B'),(52,'preetam kumar','B'),(53,'ram kumar','B'),(54,'sarain','B'),(55,'pankaj kumar','B'),(56,'sheak shakir','B'),(59,'sumit','B'),(62,'badshya khan','B'),(67,'hemant','B'),(68,'shivam','B'),(71,'chandesh','B'),(72,'sumit mitra','B'),(74,'gajender singh @ goldy','B'),(75,'pooran chand sharma','B'),(76,'irfan','B'),(77,'azaruddin','B'),(78,'mukul yadav','B'),(80,'manoj','B'),(81,'sanjay charee','B'),(82,'raja babu','B'),(83,'pawan','B'),(84,'sandeep','B'),(85,'rajkumar chawla','B'),(86,'parvesh','B'),(87,'mohd ataullah','B'),(88,'neeraj kumar','B'),(89,'jamil khan','B'),(90,'yogita','B'),(91,'rijul aggarwal','B'),(92,'mohd shakib','B'),(93,'rahul kumar','B'),(94,'rajender','B'),(95,'suraj','B'),(96,'rizwan','B'),(99,'har parsad','B'),(102,'abhishekh','C'),(107,'surender singh chauhan','C'),(108,'amit','C'),(111,'keshar ansari','C'),(112,'raju @ chhotu','C'),(114,'santlal@golu','C'),(115,'lalit rana','C'),(116,'pulkit sharma','C'),(117,'aman soni @ badal','C'),(118,'jahoor ahmed meer','C'),(120,'tammanne','C'),(121,'kailash kumar','C'),(122,'bhagwati prasad','C'),(123,'ajay','C'),(124,'silender','C'),(125,'deepak','C'),(126,'akhilesh','C'),(127,'dipendra kumar','C'),(128,'nitin','C'),(129,'doodhnath pandit','C'),(130,'aslam allam','C'),(131,'rahul','C'),(132,'jitender kumar','C'),(133,'adnan','C'),(134,'vijay','C'),(135,'yogesh','C'),(136,'kabir','C'),(139,'akash gupta','C'),(142,'vivek','C'),(147,'shyam kumar','C'),(148,'shafibul','C'),(151,'aamir hussain','D'),(152,'kamal jit singh','D'),(154,'mayank chaudhary @ rahul','D'),(155,'rohit','D'),(156,'som dutt','D'),(157,'bablu regar','D'),(158,'rohit','D'),(160,'mubarik','D'),(161,'niraj','D'),(162,'sarbjeet @ ronak','D'),(163,'axat','D'),(164,'amit','D'),(165,'anubhav shrivastab','D'),(166,'akkash','D'),(167,'himanshu','D'),(168,'harsh dagar','D'),(169,'anil kumar','D'),(170,'vijay virmani','D'),(171,'vivek auhari','D'),(172,'sachin','D'),(173,'subhash chand bhatia','D'),(174,'bhupender','D'),(175,'raghunandan das','D'),(176,'sanjay','D'),(179,'subhash','D'),(182,'vikas','D'),(187,'imamudeen','D'),(188,'sandeep kumar','D'),(191,'murari','D'),(192,'ramvilash','D'),(194,'vishal @ moni','D'),(195,'mohd shahid','D'),(196,'ramvilash','D'),(197,'kuldeep','D'),(198,'talim','D'),(200,'bhola sarkar','E'),(201,'balraj','E'),(202,'ravindra kumar','E'),(203,'rohit kumar','E'),(204,'uttam kumar @ sanki','E'),(205,'babalu sen','E'),(206,'rustam shah','E'),(207,'sukhdev','E'),(208,'b vikjay kumar','E'),(209,'dolly @ rekha w/o monto shah','E'),(210,'gopal sharma','E'),(211,'beeru','E'),(212,'vipin','E'),(213,'manish garg','E'),(214,'guddu','E'),(215,'jatin @ sonu','E'),(216,'amit kumar','E'),(219,'rakesh','E'),(222,'gulfam','E'),(227,'amarjeet','E'),(228,'satyadev','E'),(231,'esrail khan','E'),(232,'suresh kumar','E'),(234,'ajay narayan','E'),(235,'mohit @ himanshu','E'),(236,'sumit','E'),(237,'saddam','E'),(238,'nikhleshwar bhagat','E'),(240,'deepak','E'),(241,'sunil kumar','E'),(242,'ram kishan','E'),(243,'arun','E'),(244,'virender','E'),(245,'bishun','E'),(246,'pritam singh','E'),(247,'akash gupta','E'),(248,'kishan','E'),(249,'mohd kausar','E'),(250,'sachin','F'),(251,'harman singh','F'),(252,'deepak','F'),(253,'rajbir','F'),(254,'vinod lal','F'),(255,'','F'),(256,'chander shaker','F'),(259,'jony','F'),(262,'ravinder @ bacchi','F'),(267,'bharat','F'),(268,'azaz','F'),(271,'mahabir prasad','F'),(272,'kartik @ kaku','F'),(274,'yogesh','F'),(275,'madan','F'),(276,'rashid','F'),(277,'jitender','F'),(278,'pawan kumar','F'),(280,'pintu kumar','F'),(281,'deep','F'),(282,'dharmbir','F'),(283,'rishi kakdia','F'),(284,'kunal @ kannu','F'),(285,'arman ansari','F'),(286,'avinsh','F'),(287,'karan','F'),(288,'sandeep kumar','F'),(289,'sagar','F'),(290,'nikhil','F'),(291,'raman','F'),(292,'sujen manjhi','F'),(293,'abhijeet','F'),(294,'anshu','F'),(295,'sahil','F'),(296,'aditya som','F'),(299,'sunil','F'),(302,'vishvash','G'),(307,'nandkishore karpenter','G'),(308,'lala bhai','G'),(311,'deepak','G'),(312,'mohd afzal','G'),(314,'shiv prasad singh','G'),(315,'mobin','G'),(316,'khokan sarkar','G'),(317,'vikash','G'),(318,'krisana braman','G'),(320,'sanjay','G'),(321,'mohd miraj ansari','G'),(322,'rajmani','G'),(323,'harbir  singh','G'),(324,'mohan','G'),(325,'farid','G'),(326,'yuvraj kumar','G'),(327,'charan jeet singh','G'),(328,'satish kumar','G'),(329,'gappu','G'),(330,'nazeem','G'),(331,'aamir','G'),(332,'vivek sharma','G'),(333,'sandeep','G'),(334,'gutam','G'),(335,'prakul','G'),(336,'birjesh','G'),(339,'pavan sharma','G'),(342,'molu','G'),(347,'sanjeev','G'),(348,'raman ralhan','G'),(351,'prem chand','H'),(352,'sandhaya','H'),(354,'irfan','H'),(355,'jang bahadur','H'),(356,'om parkash ahuja','H'),(357,'kamre alam','H'),(358,'md. raju','H'),(360,'satpal','H'),(361,'ram pyare','H'),(362,'suraj singh','H'),(363,'ashfaq','H'),(364,'shaid','H'),(365,'vikas gupta','H'),(366,'vijay singh','H'),(367,'hari ram','H'),(368,'manoj kumar','H'),(369,'parash das','H'),(370,'mehraj','H'),(371,'chetan','H'),(372,'bhanwar lal','H'),(373,'sanavvar','H'),(374,'rahul sharma','H'),(375,'mustaq','H'),(376,'ramkaran verma','H'),(379,'bilal malik','H'),(382,'sunil kumar','H'),(387,'sobit saini','H'),(388,'inder dutt','H'),(391,'kiran','H'),(392,'gulam rashul','H'),(394,'ayush','H'),(395,'suraj','H'),(396,'sehboob','H'),(397,'sanjay kumar s/o','H'),(398,'manish','H'),(400,'divaraj','I'),(401,'kamlesh','I'),(402,'rajiv bagoriya','I'),(403,'abhinav chaudhary','I'),(404,'rahul','I'),(406,'azruddin','I'),(407,'sanjay kumar @ pappu','I'),(408,'mushir ahmed','I'),(409,'vibhuti shyamal','I'),(410,'inderjeet','I'),(411,'sanjay','I'),(412,'golu','I'),(413,'lokesh','I'),(414,'rajkumar','I'),(415,'neeraj kandari','I'),(416,'mukul verma','I'),(419,'munna lal jain','I'),(422,'shishram','I'),(427,'deelip','I'),(428,'rahul','I'),(431,'ramesh','I'),(432,'sawan gupta','I'),(434,'saurabh','I'),(435,'sarvesh kumar pandey','I'),(436,'avdhesh','I'),(437,'sohnal kumar singh','I'),(438,'najar hussan','I'),(440,'lavtar singh','I'),(441,'nanak chand','I'),(442,'harprasad sahu','I'),(443,'vikas kumar','I'),(444,'ashsish kumar','I'),(445,'rajesh singh','I'),(446,'ashu','I'),(447,'manjeet','I'),(448,'jaipal','I'),(449,'jalil ansari','I'),(450,'deepak verma','J'),(451,'kasim','J'),(452,'monu kumar','J'),(453,'shankar kumar','J'),(454,'manish kumar saket','J'),(455,'vijay','J'),(456,'udham','J'),(459,'ravinder','J'),(462,'lakshman nath','J'),(467,'shahid','J'),(468,'amarjeet','J'),(471,'harish chand','J'),(472,'puneet jain','J'),(474,'rashab','J'),(475,'amit kumar shukla','J'),(476,'vinod','J'),(477,'praful naag','J'),(478,'tarachand @ pappu','J'),(480,'puran singh rastogi','J'),(481,'narender','J'),(482,'lal babu prasad','J'),(483,'dinesh','J'),(484,'rakesh','J'),(485,'ankush','J'),(486,'kuldeep','J'),(487,'lal chand','J'),(488,'vivek','J'),(489,'pankaj','J'),(490,'sanjay','J'),(491,'kiran pal','J'),(492,'ranveer singh','J'),(493,'anwar','J'),(494,'sadab urf golu','J'),(495,'gorav','J'),(496,'raj kumar @ raju','J'),(499,'narayan parsad bhushal','J');
/*!40000 ALTER TABLE `postgrad` ENABLE KEYS */;
UNLOCK TABLES;

--
-- Table structure for table `staff`
--

DROP TABLE IF EXISTS `staff`;
/*!40101 SET @saved_cs_client     = @@character_set_client */;
/*!50503 SET character_set_client = utf8mb4 */;
CREATE TABLE `staff` (
  `staff_id` int NOT NULL,
  `name` varchar(45) DEFAULT NULL,
  `service` varchar(45) NOT NULL,
  `salary` int DEFAULT NULL,
  `remarks` varchar(300) DEFAULT NULL,
  PRIMARY KEY (`staff_id`),
  CONSTRAINT `staff_chk_1` CHECK ((`salary` >= 0))
) ENGINE=InnoDB DEFAULT CHARSET=utf8mb4 COLLATE=utf8mb4_0900_ai_ci;
/*!40101 SET character_set_client = @saved_cs_client */;

--
-- Dumping data for table `staff`
--

LOCK TABLES `staff` WRITE;
/*!40000 ALTER TABLE `staff` DISABLE KEYS */;
INSERT INTO `staff` VALUES (1,'David','cleaner',NULL,'a.You always come in on time, follow your schedule and adhere to your designated lunch break time.'),(2,'Christopher','mopper',NULL,'b.She meets all company standards for attendance and punctuality.'),(3,'Craig','cook',NULL,'c.You schedule your time off in advance and can be relied upon for completing your tasks on time.'),(4,'Scott','cook',7763,'d.He replies to emails and calls in time.'),(5,'Andrew','cook',6115,'a.He takes too many personal calls in a day.'),(6,'Michael','mopper',12347,'b.You repeatedly exceed your lunch break time that interferes with your work schedule.'),(7,'James','bathroom',7962,'c.You often come late to the office, causing scheduled meetings to start late. It also affects others schedules. You need to keep up with your schedule so your coworkers can keep up with theirs to'),(8,'John','electrcian',11974,'a.You often find new and innovative solutions to a problem.'),(9,'Ross','manager',8029,'b.She has a knack for thinking outside the box.'),(10,'Daniel','guard',6284,'c.His creative skills are an asset to the team.'),(11,'Steven','cleaner',14892,'d.You have a unique imagination and have come up with some of the most creative ideas weve ever seen.'),(12,'Jamie','mopper',13672,'a.You tend to avoid projects that require creative thinking.'),(13,'Mark','cook',10327,'b.He likes to take a traditional and risk-averse approach to things over a creative one.'),(14,'Paul','cook',6298,'c.You do not encourage your team to find creative solutions.'),(15,'Ryan','cook',14044,'d.You are too afraid of taking risks on a creative solution.'),(16,'Stephen','mopper',12678,'e.Your approach to problems is often rigid and conventional.'),(17,'Sean','bathroom',10774,'a.You effectively manage your team and conduct specific exercises tostrengthen the team.'),(18,'Robert','electrcian',7045,'b.You are fair and treat every employee in your team equally and respectfully.'),(19,'Stuart','manager',13229,'c.She provides employees with theresources and trainingrequired to fulfill a responsibility.'),(20,'Gary','guard',6932,'d.You hold employees responsible for their performance.'),(21,'Darren','cleaner',11735,'e.He maintains a culture of transparency and knowledge-sharing across all levels in your department.'),(22,'William','mopper',9275,'f.You communicate openly with your team.'),(23,'Kevin','cook',13721,'g.You acknowledge accomplishments and recognize employees fairly.'),(24,'Thomas','cook',7399,'a.You are biased and favor some employees more than others in your team.'),(25,'Martin','cook',11005,'b.You get frustrated with new hires easily and dont coach them properly.'),(26,'Matthew','mopper',7725,'c.He provides no recognition to a team members effort and hard work.'),(27,'Liam','bathroom',14858,'d.You cant explain the goals and objectives of a task clearly to an employee.'),(28,'Jonathan','electrcian',14593,'e.She often creates a communication gap and withholds information from her subordinates.'),(29,'Callum','manager',9128,'f.You fail to delegate tasks effectively and fairly among your team.'),(30,'Alan','guard',8971,'a.You are spoken highly of by your peers because of your ability tobuild good relationships.'),(31,'Calum','cleaner',NULL,'b.\"Your communication skills are great'),(32,'Graeme','mopper',NULL,'c.She is precise in giving out directions and effectively communicates what she expects from her team members.'),(33,'Jordan','cook',9509,'d.Yourwillingness to listento others and understand their point of view is highly appreciated by your peers.'),(34,'Alexander','cook',10510,'e.You are adept at communicating difficult messages and decisions skillfully.'),(35,'Lee','cook',9555,'a.You fail to communicate with your peers effectively, and this is causing a lot of misunderstanding within the team.'),(36,'Richard','mopper',6404,'b.Your direct and impersonal approach to handling discussions is ineffective inboosting the moraleof those around you.'),(37,'Iain','bathroom',14993,'c.You need improvement in replying to emails promptly.'),(38,'Adam','electrcian',12280,'d.You humiliate peers on a regular basis.'),(39,'Fraser','manager',14290,'e.He interrupts others in discussions and important meetings.'),(40,'Lewis','guard',8628,'a.You are a great team player. Your team membersrespect and appreciate you.'),(41,'Colin','cleaner',NULL,'b.You can be relied upon by team members.'),(42,'Grant','mopper',6888,'c.He works to be the best for the team and not be the best of the team.'),(43,'Peter','cook',7452,'d.You support others in fulfilling their tasks and are always ready to help others.'),(44,'Dean','cook',NULL,'e.You respect others and give everyone equal opportunities to express their opinions.'),(45,'Gavin','cook',12054,'a.You are inconsiderate towards others opinions and ideas.'),(46,'Shaun','mopper',11974,'b.She tries to take credit for the work done by her team.'),(47,'Marc','bathroom',NULL,'c.You try to use your seniority to dominate your team members.'),(48,'Ian','electrcian',8806,'d.He rarely comes up with concrete solutions that will help the team complete the project.'),(49,'Greg','manager',7776,'e.You exceed expectations when working solo, but you seem to have trouble expressing ideas and opinions in a team.'),(50,'Gordon','guard',9083,'a.You deliver urgent work without compromising on the details.'),(51,'Brian','cleaner',14106,'b.You always meet your deadlines and make the best use of your time.'),(52,'Graham','mopper',11331,'c.She expertly prioritizes work without getting tangled in endless details.'),(53,'Nicholas','cook',10883,'d.You exceeded our expectations by delivering more than assigned work despite the tight schedule.'),(54,'Neil','cook',8270,'a.You constantly push deadlines and fail to deliver on time.'),(55,'Stewart','cook',10740,'b.You are usually unable to calculate the time required to complete a task and therefore end up missing deadlines.'),(56,'Euan','mopper',11661,'c.She lacks a sense of urgency.'),(57,'Anthony','bathroom',10040,'d.You have started delivering low-quality work just to finish your work on time.\"\"'),(58,'Joseph','electrcian',13667,'a.He works well with all types of clients.'),(59,'Kieran','manager',NULL,'b.Clients usually seek your guidance and expertise.'),(60,'Kyle','guard',9370,'c.You are honest and always admit when you dont have the knowledge about something.'),(61,'Jack','cleaner',9314,'d.You regularly follow up with existing and new clients to make sure they feel valued and reminded about us.'),(62,'Jason','mopper',7918,'a.She delays her responses to clients without giving them any reason for her delay.'),(63,'Alistair','cook',11918,'b.You need to tailor your customer service to suit individual customers needs. You ought to provide a diverse customer experience.'),(64,'Samuel','cook',14308,'a.\"He seems to find it difficult to express his emotions and feelings'),(65,'Allan','cook',6966,'b.\"When given any kind of feedback'),(66,'Aaron','mopper',14329,'c.\"She does not take the time to develop and sustain positive and beneficial relationships.\"\"\"'),(67,'Kenneth','bathroom',NULL,'d.\"You dont tend to listen to and take other peoples opinions into consideration.\"\"\"'),(68,'George','electrcian',7537,'e.\"He doesn\'t contribute effectively in his teams\' activities.\"\"\"'),(69,'Barry','manager',9624,'a.\"You communicate your ideas and vision clearly so others can understand it easily and quickly.\"\"\"'),(70,'Cameron','guard',10272,'b.\"He appreciates the efforts taken by others to achieve a target and encourages them to be better.\"\"\"'),(71,'Joshua','cleaner',13121,'c.\"Even when disagreeing with others'),(72,'Douglas','mopper',9353,'d.\"You can adapt easily to various situations and different kinds of people.\"\"\"'),(73,'Ewan','cook',14951,'e.\"You are equal in your treatment to everyone and communicate with your peers respectfully.\"\"\"'),(74,'Derek','cook',7699,'a.\"Your work doesnt comply with the required output standards.\"\"\"'),(75,'Benjamin','cook',13690,'b.\"You should take up more training and development courses to enhance your skills and knowledge.\"\"\"'),(76,'Nathan','mopper',6674,'c.\"The quality of your work has been unsatisfactory lately.\"\"\"'),(77,'Duncan','bathroom',NULL,'d.\"He needs to focus more on the details and nitty-gritty before handing over a project.\"\"\"'),(78,'Dale','electrcian',14321,'e.\"Instead of completing the urgent assignments first'),(79,'Blair','manager',8266,'a.\"You have displayed a highly consistent level of performance in your work.\"\"\"'),(80,'Rory','guard',14327,'b.\"She is always seeking opportunities to be more productive.\"\"\"'),(81,'Patrick','cleaner',8305,'c.\"Your positive attitude to your work encourages others to perform well too.\"\"\"'),(82,'Simon','mopper',13329,'d.\"She is a detail-oriented individual'),(83,'Alasdair','cook',NULL,'e.\"He shares his knowledge of industry trends and best practices to achieve enhanced outcomes in his job.\"\"\"'),(84,'Garry','cook',8523,'a.\"He sets integrity aside when pursuing his goals.\"\"\"'),(85,'Alastair','cook',10256,'b.\"Your behavior towards colleagues isn\'t appropriate.\"\"\"'),(86,'Martyn','mopper',10083,'c.\"She is unresponsive to employees concerns regarding unfair treatment.\"\"\"'),(87,'Philip','bathroom',9699,'d.\"You play favorites and are biased in your judgments.\"\"\"'),(88,'Charles','electrcian',11247,'e.\"He doesnt take into account other peoples opinions when making important decisions.\"\"\"'),(89,'Sam','manager',13706,'a.\"You are respectful and fair towards everyone in the organization.\"\"\"'),(90,'Daryl','guard',7497,'b.\"He is regarded as highly credible by those working with him.\"\"\"'),(91,'Gregor','cleaner',10118,'c.\"She is very punctual and understands the value of others time. She is never late to a meeting.\"\"\"'),(92,'Edward','mopper',7062,'d.\"You have portrayed exemplary behavior in all aspects of work.\"\"\"'),(93,'Niall','cook',9754,'e.\"You abide by the companys rules and policies.\"\"\"'),(94,'Donald','cook',NULL,'a.\"You need to be more assertive and decisive when giving out directions.\"\"\"'),(95,'Murray','cook',11690,'b.\"He is always hurrying in making his decisions without taking into account the full details of the problem.\"\"\"'),(96,'Keith','mopper',9295,'c.\"You should collaborate with others more to come up with solutions together.\"\"\"'),(97,'Ben','bathroom',9305,'a.\"You are very articulate and explain your ideas and opinions clearly'),(98,'Bryan','electrcian',6010,'b.\"He gathers all the necessary facts and information before finding a solution to a problem.\"\"\"'),(99,'Connor','manager',11786,'c.\"Your best quality is that when faced with a problem'),(100,'Luke','guard',10297,'d.\"She always comes up with unique yet practical solutions.\"\"\"'),(101,'Ramesh','Sweeper',NULL,NULL),(102,'Greig','mopper',6901,'b.She meets all company standards for attendance and punctuality.'),(103,'Robbie','cook',11257,'c.You schedule your time off in advance and can be relied upon for completing your tasks on time.'),(104,'Angus','cook',13616,'d.He replies to emails and calls in time.'),(105,'Kristopher','cook',7052,'a.He takes too many personal calls in a day.'),(106,'Gareth','mopper',8042,'b.You repeatedly exceed your lunch break time that interferes with your work schedule.'),(107,'Bruce','bathroom',7206,'c.You often come late to the office, causing scheduled meetings to start late. It also affects others schedules. You need to keep up with your schedule so your coworkers can keep up with theirs to'),(108,'Chetan','Plumber',NULL,NULL),(109,'Owen','manager',8354,'b.She has a knack for thinking outside the box.'),(110,'Stefan','guard',7089,'c.His creative skills are an asset to the team.'),(111,'Raymond','cleaner',13913,'d.You have a unique imagination and have come up with some of the most creative ideas weve ever seen.'),(112,'Mohammed','mopper',11989,'a.You tend to avoid projects that require creative thinking.'),(113,'Malcolm','cook',10171,'b.He likes to take a traditional and risk-averse approach to things over a creative one.'),(114,'Frazer','cook',11448,'c.You do not encourage your team to find creative solutions.'),(115,'Hugh','cook',13987,'d.You are too afraid of taking risks on a creative solution.'),(116,'Dominic','mopper',10039,'e.Your approach to problems is often rigid and conventional.'),(117,'Kristofer','bathroom',7086,'a.You effectively manage your team and conduct specific exercises tostrengthen the team.'),(118,'Robin','electrcian',8367,'b.You are fair and treat every employee in your team equally and respectfully.'),(119,'Jon','manager',13115,'c.She provides employees with theresources and trainingrequired to fulfill a responsibility.'),(120,'Russell','guard',14086,'d.You hold employees responsible for their performance.'),(121,'Billy','cleaner',NULL,'e.He maintains a culture of transparency and knowledge-sharing across all levels in your department.'),(122,'Kris','mopper',14860,'f.You communicate openly with your team.'),(123,'Antony','cook',7794,'g.You acknowledge accomplishments and recognize employees fairly.'),(124,'Gerard','cook',NULL,'a.You are biased and favor some employees more than others in your team.'),(125,'Jonathon','cook',8589,'b.You get frustrated with new hires easily and dont coach them properly.'),(126,'Aidan','mopper',NULL,'c.He provides no recognition to a team members effort and hard work.'),(127,'Oliver','bathroom',6286,'d.You cant explain the goals and objectives of a task clearly to an employee.'),(128,'Wayne','electrcian',7325,'e.She often creates a communication gap and withholds information from her subordinates.'),(129,'Marcus','manager',6386,'f.You fail to delegate tasks effectively and fairly among your team.'),(130,'Shane','guard',14216,'a.You are spoken highly of by your peers because of your ability tobuild good relationships.'),(131,'Tony','cleaner',7698,'b.\"Your communication skills are great'),(132,'Drew','mopper',7300,'c.She is precise in giving out directions and effectively communicates what she expects from her team members.'),(133,'Hamish','cook',6586,'d.Yourwillingness to listento others and understand their point of view is highly appreciated by your peers.'),(134,'Mathew','cook',6697,'e.You are adept at communicating difficult messages and decisions skillfully.'),(135,'Francis','cook',6857,'a.You fail to communicate with your peers effectively, and this is causing a lot of misunderstanding within the team.'),(136,'Joe','mopper',11371,'b.Your direct and impersonal approach to handling discussions is ineffective inboosting the moraleof those around you.'),(137,'Ruaridh','bathroom',8819,'c.You need improvement in replying to emails promptly.'),(138,'Tom','electrcian',7925,'d.You humiliate peers on a regular basis.'),(139,'Ciaran','manager',9658,'e.He interrupts others in discussions and important meetings.'),(140,'Danny','guard',11721,'a.You are a great team player. Your team membersrespect and appreciate you.'),(141,'Lloyd','cleaner',10140,'b.You can be relied upon by team members.'),(142,'Max','mopper',12964,'c.He works to be the best for the team and not be the best of the team.'),(143,'Conor','cook',13059,'d.You support others in fulfilling their tasks and are always ready to help others.'),(144,'Fergus','cook',9993,'e.You respect others and give everyone equal opportunities to express their opinions.'),(145,'Justin','cook',NULL,'a.You are inconsiderate towards others opinions and ideas.'),(146,'Louis','mopper',6605,'b.She tries to take credit for the work done by her team.'),(147,'Roy','bathroom',7162,'c.You try to use your seniority to dominate your team members.'),(148,'Brendan','electrcian',7926,'d.He rarely comes up with concrete solutions that will help the team complete the project.'),(149,'Darryl','manager',NULL,'e.You exceed expectations when working solo, but you seem to have trouble expressing ideas and opinions in a team.'),(150,'Glen','guard',7422,'a.You deliver urgent work without compromising on the details.'),(151,'Glenn','cleaner',6768,'b.You always meet your deadlines and make the best use of your time.'),(152,'Keir','mopper',7903,'c.She expertly prioritizes work without getting tangled in endless details.'),(153,'Nicky','cook',13274,'d.You exceeded our expectations by delivering more than assigned work despite the tight schedule.'),(154,'Phillip','cook',8512,'a.You constantly push deadlines and fail to deliver on time.'),(155,'Ronald','cook',11282,'b.You are usually unable to calculate the time required to complete a task and therefore end up missing deadlines.'),(156,'Kristoffer','mopper',8622,'c.She lacks a sense of urgency.'),(157,'Struan','bathroom',9739,'d.You have started delivering low-quality work just to finish your work on time.\"\"'),(158,'Timothy','electrcian',9804,'a.He works well with all types of clients.'),(159,'Warren','manager',6736,'b.Clients usually seek your guidance and expertise.'),(160,'Arran','guard',7468,'c.You are honest and always admit when you dont have the knowledge about something.'),(161,'Bradley','cleaner',6763,'d.You regularly follow up with existing and new clients to make sure they feel valued and reminded about us.'),(162,'Calvin','mopper',11086,'a.She delays her responses to clients without giving them any reason for her delay.'),(163,'Finlay','cook',NULL,'b.You need to tailor your customer service to suit individual customers needs. You ought to provide a diverse customer experience.'),(164,'Gregg','cook',7761,'a.\"He seems to find it difficult to express his emotions and feelings'),(165,'Jake','cook',11136,'b.\"When given any kind of feedback'),(166,'Ruairidh','mopper',6048,'c.\"She does not take the time to develop and sustain positive and beneficial relationships.\"\"\"'),(167,'Damien','bathroom',12910,'d.\"You dont tend to listen to and take other peoples opinions into consideration.\"\"\"'),(168,'Harry','electrcian',13762,'e.\"He doesn\'t contribute effectively in his teams\' activities.\"\"\"'),(169,'Kerr','manager',11260,'a.\"You communicate your ideas and vision clearly so others can understand it easily and quickly.\"\"\"'),(170,'Mohammad','guard',14140,'b.\"He appreciates the efforts taken by others to achieve a target and encourages them to be better.\"\"\"'),(171,'Terry','cleaner',11244,'c.\"Even when disagreeing with others'),(172,'Vincent','mopper',12758,'d.\"You can adapt easily to various situations and different kinds of people.\"\"\"'),(173,'Campbell','cook',7571,'e.\"You are equal in your treatment to everyone and communicate with your peers respectfully.\"\"\"'),(174,'Elliot','cook',7625,'a.\"Your work doesnt comply with the required output standards.\"\"\"'),(175,'Keiran','cook',8796,'b.\"You should take up more training and development courses to enhance your skills and knowledge.\"\"\"'),(176,'Ricky','mopper',6568,'c.\"The quality of your work has been unsatisfactory lately.\"\"\"'),(177,'Terence','bathroom',11982,'d.\"He needs to focus more on the details and nitty-gritty before handing over a project.\"\"\"'),(178,'Brett','electrcian',7548,'e.\"Instead of completing the urgent assignments first'),(179,'Clark','manager',13457,'a.\"You have displayed a highly consistent level of performance in your work.\"\"\"'),(180,'Chris','guard',12734,'b.\"She is always seeking opportunities to be more productive.\"\"\"'),(181,'Henry','cleaner',10600,'c.\"Your positive attitude to your work encourages others to perform well too.\"\"\"'),(182,'Jordon','mopper',7878,'d.\"She is a detail-oriented individual'),(183,'Kieron','cook',7939,'e.\"He shares his knowledge of industry trends and best practices to achieve enhanced outcomes in his job.\"\"\"'),(184,'Laurence','cook',6262,'a.\"He sets integrity aside when pursuing his goals.\"\"\"'),(185,'Omar','cook',11376,'b.\"Your behavior towards colleagues isn\'t appropriate.\"\"\"'),(186,'Arron','mopper',13927,'c.\"She is unresponsive to employees concerns regarding unfair treatment.\"\"\"'),(187,'Ashley','bathroom',NULL,'d.\"You play favorites and are biased in your judgments.\"\"\"'),(188,'Ethan','electrcian',8062,'e.\"He doesnt take into account other peoples opinions when making important decisions.\"\"\"'),(189,'Frank','manager',9118,'a.\"You are respectful and fair towards everyone in the organization.\"\"\"'),(190,'Jay','guard',9432,'b.\"He is regarded as highly credible by those working with him.\"\"\"'),(191,'Johnathan','cleaner',6119,'c.\"She is very punctual and understands the value of others time. She is never late to a meeting.\"\"\"'),(192,'Muhammad','mopper',6739,'d.\"You have portrayed exemplary behavior in all aspects of work.\"\"\"'),(193,'Sandy','cook',7809,'e.\"You abide by the companys rules and policies.\"\"\"'),(194,'Adrian','cook',7147,'a.\"You need to be more assertive and decisive when giving out directions.\"\"\"'),(195,'Alex','cook',11557,'b.\"He is always hurrying in making his decisions without taking into account the full details of the problem.\"\"\"'),(196,'Anton','mopper',7114,'c.\"You should collaborate with others more to come up with solutions together.\"\"\"'),(197,'Barrie','bathroom',12096,'a.\"You are very articulate and explain your ideas and opinions clearly'),(198,'Jacob','electrcian',7927,'b.\"He gathers all the necessary facts and information before finding a solution to a problem.\"\"\"'),(199,'Jeff','manager',8160,'c.\"Your best quality is that when faced with a problem'),(200,'Maxwell','guard',9836,'d.\"She always comes up with unique yet practical solutions.\"\"\"'),(201,'Sita','Cleaner',NULL,NULL),(202,'Allen','mopper',8830,'b.She meets all company standards for attendance and punctuality.'),(203,'Daryn','cook',7143,'c.You schedule your time off in advance and can be relied upon for completing your tasks on time.'),(204,'Gregory','cook',10136,'d.He replies to emails and calls in time.'),(205,'Lawrence','cook',11123,'a.He takes too many personal calls in a day.'),(206,'Myles','mopper',9675,'b.You repeatedly exceed your lunch break time that interferes with your work schedule.'),(207,'Reece','bathroom',14738,'c.You often come late to the office, causing scheduled meetings to start late. It also affects others schedules. You need to keep up with your schedule so your coworkers can keep up with theirs to'),(208,'Roderick','electrcian',6634,'a.You often find new and innovative solutions to a problem.'),(209,'Ruaraidh','manager',12185,'b.She has a knack for thinking outside the box.'),(210,'Ali','guard',14147,'c.His creative skills are an asset to the team.'),(211,'Alisdair','cleaner',8911,'d.You have a unique imagination and have come up with some of the most creative ideas weve ever seen.'),(212,'Damian','mopper',7765,'a.You tend to avoid projects that require creative thinking.'),(213,'Dylan','cook',8552,'b.He likes to take a traditional and risk-averse approach to things over a creative one.'),(214,'Imran','cook',11158,'c.You do not encourage your team to find creative solutions.'),(215,'Karl','cook',14850,'d.You are too afraid of taking risks on a creative solution.'),(216,'Kieren','mopper',7451,'e.Your approach to problems is often rigid and conventional.'),(217,'Leigh','bathroom',14053,'a.You effectively manage your team and conduct specific exercises tostrengthen the team.'),(218,'Ronan','electrcian',NULL,'b.You are fair and treat every employee in your team equally and respectfully.'),(219,'Bobby','manager',7202,'c.She provides employees with theresources and trainingrequired to fulfill a responsibility.'),(220,'Darran','guard',8232,'d.You hold employees responsible for their performance.'),(221,'Dayle','cleaner',8500,'e.He maintains a culture of transparency and knowledge-sharing across all levels in your department.'),(222,'Eamon','mopper',9173,'f.You communicate openly with your team.'),(223,'Gerald','cook',10362,'g.You acknowledge accomplishments and recognize employees fairly.'),(224,'Guy','cook',8176,'a.You are biased and favor some employees more than others in your team.'),(225,'Lyle','cook',8139,'b.You get frustrated with new hires easily and dont coach them properly.'),(226,'Marco','mopper',8090,'c.He provides no recognition to a team members effort and hard work.'),(227,'Qasim','bathroom',14128,'d.You cant explain the goals and objectives of a task clearly to an employee.'),(228,'Ruari','electrcian',6091,'e.She often creates a communication gap and withholds information from her subordinates.'),(229,'Aarron','manager',6929,'f.You fail to delegate tasks effectively and fairly among your team.'),(230,'Ahmed','guard',14981,'a.You are spoken highly of by your peers because of your ability tobuild good relationships.'),(231,'Benedict','cleaner',NULL,'b.\"Your communication skills are great'),(232,'Christian','mopper',7172,'c.She is precise in giving out directions and effectively communicates what she expects from her team members.'),(233,'Curtis','cook',13973,'d.Yourwillingness to listento others and understand their point of view is highly appreciated by your peers.'),(234,'Darrell','cook',13738,'e.You are adept at communicating difficult messages and decisions skillfully.'),(235,'Daryll','cook',6156,'a.You fail to communicate with your peers effectively, and this is causing a lot of misunderstanding within the team.'),(236,'Derrick','mopper',12980,'b.Your direct and impersonal approach to handling discussions is ineffective inboosting the moraleof those around you.'),(237,'Eric','bathroom',14851,'c.You need improvement in replying to emails promptly.'),(238,'Ewen','electrcian',6702,'d.You humiliate peers on a regular basis.'),(239,'Faisal','manager',8074,'e.He interrupts others in discussions and important meetings.'),(240,'Joel','guard',8448,'a.You are a great team player. Your team membersrespect and appreciate you.'),(241,'Laurie','cleaner',13019,'b.You can be relied upon by team members.'),(242,'Leon','mopper',10024,'c.He works to be the best for the team and not be the best of the team.'),(243,'Magnus','cook',7372,'d.You support others in fulfilling their tasks and are always ready to help others.'),(244,'Nicolas','cook',14368,'e.You respect others and give everyone equal opportunities to express their opinions.'),(245,'Taylor','cook',NULL,'a.You are inconsiderate towards others opinions and ideas.'),(246,'Alister','mopper',6627,'b.She tries to take credit for the work done by her team.'),(247,'Austin','bathroom',13335,'c.You try to use your seniority to dominate your team members.'),(248,'Bryce','electrcian',7237,'d.He rarely comes up with concrete solutions that will help the team complete the project.'),(249,'Innes','manager',6187,'e.You exceed expectations when working solo, but you seem to have trouble expressing ideas and opinions in a team.'),(250,'Jed','guard',10087,'a.You deliver urgent work without compromising on the details.'),(251,'Joss','cleaner',6669,'b.You always meet your deadlines and make the best use of your time.'),(252,'Kirk','mopper',NULL,'c.She expertly prioritizes work without getting tangled in endless details.'),(253,'Lorne','cook',9595,'d.You exceeded our expectations by delivering more than assigned work despite the tight schedule.'),(254,'Rikki','cook',NULL,'a.You constantly push deadlines and fail to deliver on time.'),(255,'Usman','cook',12151,'b.You are usually unable to calculate the time required to complete a task and therefore end up missing deadlines.'),(256,'Archibald','mopper',8060,'c.She lacks a sense of urgency.'),(257,'Cal','bathroom',11562,'d.You have started delivering low-quality work just to finish your work on time.\"\"'),(258,'Carl','electrcian',9847,'a.He works well with all types of clients.'),(259,'Corey','manager',10321,'b.Clients usually seek your guidance and expertise.'),(260,'Geoffrey','guard',11373,'c.You are honest and always admit when you dont have the knowledge about something.'),(261,'Grahame','cleaner',11464,'d.You regularly follow up with existing and new clients to make sure they feel valued and reminded about us.'),(262,'Haroon','mopper',8358,'a.She delays her responses to clients without giving them any reason for her delay.'),(263,'Johnathon','cook',9403,'b.You need to tailor your customer service to suit individual customers needs. You ought to provide a diverse customer experience.'),(264,'Kane','cook',14999,'a.\"He seems to find it difficult to express his emotions and feelings'),(265,'Lachlan','cook',11665,'b.\"When given any kind of feedback'),(266,'Nathaniel','mopper',8227,'c.\"She does not take the time to develop and sustain positive and beneficial relationships.\"\"\"'),(267,'Neill','bathroom',12092,'d.\"You dont tend to listen to and take other peoples opinions into consideration.\"\"\"'),(268,'Nicol','electrcian',6674,'e.\"He doesn\'t contribute effectively in his teams\' activities.\"\"\"'),(269,'Nikki','manager',10213,'a.\"You communicate your ideas and vision clearly so others can understand it easily and quickly.\"\"\"'),(270,'Ralph','guard',6316,'b.\"He appreciates the efforts taken by others to achieve a target and encourages them to be better.\"\"\"'),(271,'Ronnie','cleaner',14896,'c.\"Even when disagreeing with others'),(272,'Zachary','mopper',12628,'d.\"You can adapt easily to various situations and different kinds of people.\"\"\"'),(273,'Albert','cook',6356,'e.\"You are equal in your treatment to everyone and communicate with your peers respectfully.\"\"\"'),(274,'Allister','cook',7824,'a.\"Your work doesnt comply with the required output standards.\"\"\"'),(275,'Amir','cook',8024,'b.\"You should take up more training and development courses to enhance your skills and knowledge.\"\"\"'),(276,'Antoni','mopper',12894,'c.\"The quality of your work has been unsatisfactory lately.\"\"\"'),(277,'Asim','bathroom',8486,'d.\"He needs to focus more on the details and nitty-gritty before handing over a project.\"\"\"'),(278,'Bernard','electrcian',6619,'e.\"Instead of completing the urgent assignments first'),(279,'Blaine','manager',NULL,'a.\"You have displayed a highly consistent level of performance in your work.\"\"\"'),(280,'Brodie','guard',10568,'b.\"She is always seeking opportunities to be more productive.\"\"\"'),(281,'Byron','cleaner',9115,'c.\"Your positive attitude to your work encourages others to perform well too.\"\"\"'),(282,'Colm','mopper',7704,'d.\"She is a detail-oriented individual'),(283,'Conan','cook',13731,'e.\"He shares his knowledge of industry trends and best practices to achieve enhanced outcomes in his job.\"\"\"'),(284,'Dennis','cook',11961,'a.\"He sets integrity aside when pursuing his goals.\"\"\"'),(285,'Eoghan','cook',14074,'b.\"Your behavior towards colleagues isn\'t appropriate.\"\"\"'),(286,'Evan','mopper',7224,'c.\"She is unresponsive to employees concerns regarding unfair treatment.\"\"\"'),(287,'Forbes','bathroom',8998,'d.\"You play favorites and are biased in your judgments.\"\"\"'),(288,'Harrison','electrcian',13139,'e.\"He doesnt take into account other peoples opinions when making important decisions.\"\"\"'),(289,'Ivan','manager',6027,'a.\"You are respectful and fair towards everyone in the organization.\"\"\"'),(290,'Jeffrey','guard',NULL,'b.\"He is regarded as highly credible by those working with him.\"\"\"'),(291,'Jim','cleaner',6324,'c.\"She is very punctual and understands the value of others time. She is never late to a meeting.\"\"\"'),(292,'Ka','mopper',8674,'d.\"You have portrayed exemplary behavior in all aspects of work.\"\"\"'),(293,'Kevan','cook',11657,'e.\"You abide by the companys rules and policies.\"\"\"'),(294,'Lindsay','cook',NULL,'a.\"You need to be more assertive and decisive when giving out directions.\"\"\"'),(295,'Lucas','cook',13379,'b.\"He is always hurrying in making his decisions without taking into account the full details of the problem.\"\"\"'),(296,'Ray','mopper',6871,'c.\"You should collaborate with others more to come up with solutions together.\"\"\"'),(297,'Reuben','bathroom',9988,'a.\"You are very articulate and explain your ideas and opinions clearly'),(298,'Rhys','electrcian',14431,'b.\"He gathers all the necessary facts and information before finding a solution to a problem.\"\"\"'),(299,'Roddy','manager',11186,'c.\"Your best quality is that when faced with a problem'),(300,'Rowan','guard',13185,'d.\"She always comes up with unique yet practical solutions.\"\"\"'),(301,'Saul','cleaner',12154,'a.You always come in on time, follow your schedule and adhere to your designated lunch break time.'),(302,'Sebastian','mopper',8066,'b.She meets all company standards for attendance and punctuality.'),(303,'Sonny','cook',12211,'c.You schedule your time off in advance and can be relied upon for completing your tasks on time.'),(304,'Stevie','cook',NULL,'d.He replies to emails and calls in time.'),(305,'Tomas','cook',12080,'a.He takes too many personal calls in a day.'),(306,'Tommy','mopper',9711,'b.You repeatedly exceed your lunch break time that interferes with your work schedule.'),(307,'Tristan','bathroom',12539,'c.You often come late to the office, causing scheduled meetings to start late. It also affects others schedules. You need to keep up with your schedule so your coworkers can keep up with theirs to'),(308,'Tyler','electrcian',13331,'a.You often find new and innovative solutions to a problem.'),(309,'Aiden','manager',12896,'b.She has a knack for thinking outside the box.'),(310,'Blane','guard',10609,'c.His creative skills are an asset to the team.'),(311,'Brent','cleaner',14050,'d.You have a unique imagination and have come up with some of the most creative ideas weve ever seen.'),(312,'Carlo','mopper',10393,'a.You tend to avoid projects that require creative thinking.'),(313,'Charlie','cook',14200,'b.He likes to take a traditional and risk-averse approach to things over a creative one.'),(314,'Clarke','cook',12931,'c.You do not encourage your team to find creative solutions.'),(315,'Corrie','cook',11240,'d.You are too afraid of taking risks on a creative solution.'),(316,'Creag','mopper',6329,'e.Your approach to problems is often rigid and conventional.'),(317,'Dane','bathroom',6838,'a.You effectively manage your team and conduct specific exercises tostrengthen the team.'),(318,'Dario','electrcian',12435,'b.You are fair and treat every employee in your team equally and respectfully.'),(319,'Darrin','manager',9228,'c.She provides employees with theresources and trainingrequired to fulfill a responsibility.'),(320,'Darryn','guard',10469,'d.You hold employees responsible for their performance.'),(321,'Desmond','cleaner',6180,'e.He maintains a culture of transparency and knowledge-sharing across all levels in your department.'),(322,'Don','mopper',7043,'f.You communicate openly with your team.'),(323,'Elliott','cook',13039,'g.You acknowledge accomplishments and recognize employees fairly.'),(324,'Eoin','cook',6106,'a.You are biased and favor some employees more than others in your team.'),(325,'Findlay','cook',11580,'b.You get frustrated with new hires easily and dont coach them properly.'),(326,'Garreth','mopper',14317,'c.He provides no recognition to a team members effort and hard work.'),(327,'Giancarlo','bathroom',10959,'d.You cant explain the goals and objectives of a task clearly to an employee.'),(328,'Hassan','electrcian',13661,'e.She often creates a communication gap and withholds information from her subordinates.'),(329,'Jak','manager',10562,'f.You fail to delegate tasks effectively and fairly among your team.'),(330,'Kai','guard',7456,'a.You are spoken highly of by your peers because of your ability tobuild good relationships.'),(331,'Karim','cleaner',6144,'b.\"Your communication skills are great'),(332,'Kashif','mopper',6329,'c.She is precise in giving out directions and effectively communicates what she expects from her team members.'),(333,'Keiron','cook',6197,'d.Yourwillingness to listento others and understand their point of view is highly appreciated by your peers.'),(334,'Kenny','cook',10959,'e.You are adept at communicating difficult messages and decisions skillfully.'),(335,'Kurt','cook',NULL,'a.You fail to communicate with your peers effectively, and this is causing a lot of misunderstanding within the team.'),(336,'Lawrie','mopper',NULL,'b.Your direct and impersonal approach to handling discussions is ineffective inboosting the moraleof those around you.'),(337,'Leslie','bathroom',14381,'c.You need improvement in replying to emails promptly.'),(338,'Levi','electrcian',NULL,'d.You humiliate peers on a regular basis.'),(339,'Marti','manager',6062,'e.He interrupts others in discussions and important meetings.'),(340,'Mitchell','guard',6222,'a.You are a great team player. Your team membersrespect and appreciate you.'),(341,'Morgan','cleaner',9148,'b.You can be relied upon by team members.'),(342,'Neal','mopper',13193,'c.He works to be the best for the team and not be the best of the team.'),(343,'Osman','cook',12847,'d.You support others in fulfilling their tasks and are always ready to help others.'),(344,'Richie','cook',13259,'e.You respect others and give everyone equal opportunities to express their opinions.'),(345,'Russel','cook',6631,'a.You are inconsiderate towards others opinions and ideas.'),(346,'Ryen','mopper',NULL,'b.She tries to take credit for the work done by her team.'),(347,'Sandeep','bathroom',13572,'c.You try to use your seniority to dominate your team members.'),(348,'Stephan','electrcian',NULL,'d.He rarely comes up with concrete solutions that will help the team complete the project.'),(349,'Steve','manager',8886,'e.You exceed expectations when working solo, but you seem to have trouble expressing ideas and opinions in a team.'),(350,'Toby','guard',11193,'a.You deliver urgent work without compromising on the details.'),(351,'Abdul','cleaner',NULL,'b.You always meet your deadlines and make the best use of your time.'),(352,'Adil','mopper',11381,'c.She expertly prioritizes work without getting tangled in endless details.'),(353,'Alec','cook',13921,'d.You exceeded our expectations by delivering more than assigned work despite the tight schedule.'),(354,'Alfred','cook',9967,'a.You constantly push deadlines and fail to deliver on time.'),(355,'Amar','cook',10112,'b.You are usually unable to calculate the time required to complete a task and therefore end up missing deadlines.'),(356,'Ammar','mopper',10378,'c.She lacks a sense of urgency.'),(357,'Antonio','bathroom',12068,'d.You have started delivering low-quality work just to finish your work on time.\"\"'),(358,'Austen','electrcian',10953,'a.He works well with all types of clients.'),(359,'Blake','manager',12454,'b.Clients usually seek your guidance and expertise.'),(360,'Brad','guard',13384,'c.You are honest and always admit when you dont have the knowledge about something.'),(361,'Bret','cleaner',14012,'d.You regularly follow up with existing and new clients to make sure they feel valued and reminded about us.'),(362,'Cailean','mopper',6215,'a.She delays her responses to clients without giving them any reason for her delay.'),(363,'Caleb','cook',11748,'b.You need to tailor your customer service to suit individual customers needs. You ought to provide a diverse customer experience.'),(364,'Calumn','cook',11066,'a.\"He seems to find it difficult to express his emotions and feelings'),(365,'Coll','cook',11383,'b.\"When given any kind of feedback'),(366,'Conner','mopper',NULL,'c.\"She does not take the time to develop and sustain positive and beneficial relationships.\"\"\"'),(367,'Damon','bathroom',10367,'d.\"You dont tend to listen to and take other peoples opinions into consideration.\"\"\"'),(368,'Danish','electrcian',9804,'e.\"He doesn\'t contribute effectively in his teams\' activities.\"\"\"'),(369,'Danni','manager',9970,'a.\"You communicate your ideas and vision clearly so others can understand it easily and quickly.\"\"\"'),(370,'Devin','guard',9939,'b.\"He appreciates the efforts taken by others to achieve a target and encourages them to be better.\"\"\"'),(371,'Dexter','cleaner',8657,'c.\"Even when disagreeing with others'),(372,'Edwin','mopper',14110,'d.\"You can adapt easily to various situations and different kinds of people.\"\"\"'),(373,'Fabio','cook',10360,'e.\"You are equal in your treatment to everyone and communicate with your peers respectfully.\"\"\"'),(374,'Gabriel','cook',NULL,'a.\"Your work doesnt comply with the required output standards.\"\"\"'),(375,'Gerrard','cook',14979,'b.\"You should take up more training and development courses to enhance your skills and knowledge.\"\"\"'),(376,'Glynn','mopper',11270,'c.\"The quality of your work has been unsatisfactory lately.\"\"\"'),(377,'Hamza','bathroom',14742,'d.\"He needs to focus more on the details and nitty-gritty before handing over a project.\"\"\"'),(378,'Hamzah','electrcian',12438,'e.\"Instead of completing the urgent assignments first'),(379,'Ibrahim','manager',6962,'a.\"You have displayed a highly consistent level of performance in your work.\"\"\"'),(380,'Jackson','guard',13484,'b.\"She is always seeking opportunities to be more productive.\"\"\"'),(381,'Jai','cleaner',12566,'c.\"Your positive attitude to your work encourages others to perform well too.\"\"\"'),(382,'Jaimie','mopper',8161,'d.\"She is a detail-oriented individual'),(383,'Jan','cook',9425,'e.\"He shares his knowledge of industry trends and best practices to achieve enhanced outcomes in his job.\"\"\"'),(384,'Jared','cook',6932,'a.\"He sets integrity aside when pursuing his goals.\"\"\"'),(385,'Jarrod','cook',6302,'b.\"Your behavior towards colleagues isn\'t appropriate.\"\"\"'),(386,'Jimmy','mopper',NULL,'c.\"She is unresponsive to employees concerns regarding unfair treatment.\"\"\"'),(387,'Johnny','bathroom',8382,'d.\"You play favorites and are biased in your judgments.\"\"\"'),(388,'Julian','electrcian',11976,'e.\"He doesnt take into account other peoples opinions when making important decisions.\"\"\"'),(389,'Kamran','manager',6867,'a.\"You are respectful and fair towards everyone in the organization.\"\"\"'),(390,'Kier','guard',13282,'b.\"He is regarded as highly credible by those working with him.\"\"\"'),(391,'Kristian','cleaner',14433,'c.\"She is very punctual and understands the value of others time. She is never late to a meeting.\"\"\"'),(392,'Leo','mopper',14951,'d.\"You have portrayed exemplary behavior in all aspects of work.\"\"\"'),(393,'Leonard','cook',10344,'e.\"You abide by the companys rules and policies.\"\"\"'),(394,'Logan','cook',10188,'a.\"You need to be more assertive and decisive when giving out directions.\"\"\"'),(395,'Luca','cook',9930,'b.\"He is always hurrying in making his decisions without taking into account the full details of the problem.\"\"\"'),(396,'Lyall','mopper',8608,'c.\"You should collaborate with others more to come up with solutions together.\"\"\"'),(397,'Man','bathroom',14562,'a.\"You are very articulate and explain your ideas and opinions clearly'),(398,'Maurice','electrcian',9545,'b.\"He gathers all the necessary facts and information before finding a solution to a problem.\"\"\"'),(399,'Maximilian','manager',NULL,'c.\"Your best quality is that when faced with a problem'),(400,'Mohamed','guard',7462,'d.\"She always comes up with unique yet practical solutions.\"\"\"'),(401,'Mohsin','cleaner',9853,'a.You always come in on time, follow your schedule and adhere to your designated lunch break time.'),(402,'Murdo','mopper',14755,'b.She meets all company standards for attendance and punctuality.'),(403,'Nadeem','cook',9627,'c.You schedule your time off in advance and can be relied upon for completing your tasks on time.'),(404,'Neale','cook',12496,'d.He replies to emails and calls in time.'),(405,'Nico','cook',9207,'a.He takes too many personal calls in a day.'),(406,'Nigel','mopper',8740,'b.You repeatedly exceed your lunch break time that interferes with your work schedule.'),(407,'Niki','bathroom',6045,'c.You often come late to the office, causing scheduled meetings to start late. It also affects others schedules. You need to keep up with your schedule so your coworkers can keep up with theirs to'),(408,'Nikolas','electrcian',12366,'a.You often find new and innovative solutions to a problem.'),(409,'Orry','manager',12625,'b.She has a knack for thinking outside the box.'),(410,'Raja','guard',9537,'c.His creative skills are an asset to the team.'),(411,'Ramsay','cleaner',14745,'d.You have a unique imagination and have come up with some of the most creative ideas weve ever seen.'),(412,'Reza','mopper',6632,'a.You tend to avoid projects that require creative thinking.'),(413,'Riccardo','cook',11135,'b.He likes to take a traditional and risk-averse approach to things over a creative one.'),(414,'Ricci','cook',12136,'c.You do not encourage your team to find creative solutions.'),(415,'Ritchie','cook',14959,'d.You are too afraid of taking risks on a creative solution.'),(416,'Saqib','mopper',NULL,'e.Your approach to problems is often rigid and conventional.'),(417,'Seumas','bathroom',7189,'a.You effectively manage your team and conduct specific exercises tostrengthen the team.'),(418,'Shawn','electrcian',9603,'b.You are fair and treat every employee in your team equally and respectfully.'),(419,'Steffan','manager',NULL,'c.She provides employees with theresources and trainingrequired to fulfill a responsibility.'),(420,'Suraj','guard',13684,'d.You hold employees responsible for their performance.'),(421,'Tariq','cleaner',14325,'e.He maintains a culture of transparency and knowledge-sharing across all levels in your department.'),(422,'Theo','mopper',6842,'f.You communicate openly with your team.'),(423,'Theodore','cook',10733,'g.You acknowledge accomplishments and recognize employees fairly.'),(424,'Troy','cook',11099,'a.You are biased and favor some employees more than others in your team.'),(425,'Wai','cook',8300,'b.You get frustrated with new hires easily and dont coach them properly.'),(426,'Waqas','mopper',9760,'c.He provides no recognition to a team members effort and hard work.'),(427,'Yasir','bathroom',7098,'d.You cant explain the goals and objectives of a task clearly to an employee.'),(428,'Zohaib','electrcian',NULL,'e.She often creates a communication gap and withholds information from her subordinates.'),(429,'Aamir','manager',12083,'f.You fail to delegate tasks effectively and fairly among your team.'),(430,'Aaran','guard',NULL,'a.You are spoken highly of by your peers because of your ability tobuild good relationships.'),(431,'Adeel','cleaner',14294,'b.\"Your communication skills are great'),(432,'Aden','mopper',10132,'c.She is precise in giving out directions and effectively communicates what she expects from her team members.'),(433,'Aeron','cook',7258,'d.Yourwillingness to listento others and understand their point of view is highly appreciated by your peers.'),(434,'Aftab','cook',8787,'e.You are adept at communicating difficult messages and decisions skillfully.'),(435,'Alessandro','cook',13894,'a.You fail to communicate with your peers effectively, and this is causing a lot of misunderstanding within the team.'),(436,'Andre','mopper',9072,'b.Your direct and impersonal approach to handling discussions is ineffective inboosting the moraleof those around you.'),(437,'Angelo','bathroom',14364,'c.You need improvement in replying to emails promptly.'),(438,'Anish','electrcian',9706,'d.You humiliate peers on a regular basis.'),(439,'Archie','manager',11498,'e.He interrupts others in discussions and important meetings.'),(440,'Arthur','guard',13607,'a.You are a great team player. Your team membersrespect and appreciate you.'),(441,'Ashton','cleaner',8637,'b.You can be relied upon by team members.'),(442,'Azeem','mopper',9155,'c.He works to be the best for the team and not be the best of the team.'),(443,'Bashar','cook',10297,'d.You support others in fulfilling their tasks and are always ready to help others.'),(444,'Bilal','cook',14483,'e.You respect others and give everyone equal opportunities to express their opinions.'),(445,'Blyth','cook',14441,'a.You are inconsiderate towards others opinions and ideas.'),(446,'Bobak','mopper',13247,'b.She tries to take credit for the work done by her team.'),(447,'Brendon','bathroom',NULL,'c.You try to use your seniority to dominate your team members.'),(448,'Brogan','electrcian',NULL,'d.He rarely comes up with concrete solutions that will help the team complete the project.'),(449,'Burhan','manager',NULL,'e.You exceed expectations when working solo, but you seem to have trouble expressing ideas and opinions in a team.'),(450,'Cairn','guard',NULL,'a.You deliver urgent work without compromising on the details.'),(451,'Cavan','cleaner',7810,'b.You always meet your deadlines and make the best use of your time.'),(452,'Chad','mopper',11518,'c.She expertly prioritizes work without getting tangled in endless details.'),(453,'Ching','cook',12920,'d.You exceeded our expectations by delivering more than assigned work despite the tight schedule.'),(454,'Chun','cook',10810,'a.You constantly push deadlines and fail to deliver on time.'),(455,'Clement','cook',6972,'b.You are usually unable to calculate the time required to complete a task and therefore end up missing deadlines.'),(456,'Conar','mopper',8799,'c.She lacks a sense of urgency.'),(457,'Connaire','bathroom',NULL,'d.You have started delivering low-quality work just to finish your work on time.\"\"'),(458,'Connar','electrcian',10631,'a.He works well with all types of clients.'),(459,'Conrad','manager',8952,'b.Clients usually seek your guidance and expertise.'),(460,'Cormac','guard',8920,'c.You are honest and always admit when you dont have the knowledge about something.'),(461,'Cornelius','cleaner',NULL,'d.You regularly follow up with existing and new clients to make sure they feel valued and reminded about us.'),(462,'Corry','mopper',13593,'a.She delays her responses to clients without giving them any reason for her delay.'),(463,'Cory','cook',13336,'b.You need to tailor your customer service to suit individual customers needs. You ought to provide a diverse customer experience.'),(464,'Crawford','cook',14850,'a.\"He seems to find it difficult to express his emotions and feelings'),(465,'Cy','cook',NULL,'b.\"When given any kind of feedback'),(466,'Damen','mopper',NULL,'c.\"She does not take the time to develop and sustain positive and beneficial relationships.\"\"\"'),(467,'Dannie','bathroom',11724,'d.\"You dont tend to listen to and take other peoples opinions into consideration.\"\"\"'),(468,'Darias','electrcian',6708,'e.\"He doesn\'t contribute effectively in his teams\' activities.\"\"\"'),(469,'Darius','manager',7203,'a.\"You communicate your ideas and vision clearly so others can understand it easily and quickly.\"\"\"'),(470,'Darroch','guard',10365,'b.\"He appreciates the efforts taken by others to achieve a target and encourages them to be better.\"\"\"'),(471,'Dave','cleaner',9297,'c.\"Even when disagreeing with others'),(472,'Dayll','mopper',12713,'d.\"You can adapt easily to various situations and different kinds of people.\"\"\"'),(473,'Dayne','cook',8174,'e.\"You are equal in your treatment to everyone and communicate with your peers respectfully.\"\"\"'),(474,'Dene','cook',10582,'a.\"Your work doesnt comply with the required output standards.\"\"\"'),(475,'Denis','cook',10675,'b.\"You should take up more training and development courses to enhance your skills and knowledge.\"\"\"'),(476,'Derick','mopper',11242,'c.\"The quality of your work has been unsatisfactory lately.\"\"\"'),(477,'Dermot','bathroom',6636,'d.\"He needs to focus more on the details and nitty-gritty before handing over a project.\"\"\"'),(478,'Devon','electrcian',12474,'e.\"Instead of completing the urgent assignments first'),(479,'Dhani','manager',NULL,'a.\"You have displayed a highly consistent level of performance in your work.\"\"\"'),(480,'Donny','guard',14318,'b.\"She is always seeking opportunities to be more productive.\"\"\"'),(481,'Dougal','cleaner',11465,'c.\"Your positive attitude to your work encourages others to perform well too.\"\"\"'),(482,'Eammon','mopper',9892,'d.\"She is a detail-oriented individual'),(483,'Eddie','cook',14538,'e.\"He shares his knowledge of industry trends and best practices to achieve enhanced outcomes in his job.\"\"\"'),(484,'Ellis','cook',7436,'a.\"He sets integrity aside when pursuing his goals.\"\"\"'),(485,'Eoghann','cook',NULL,'b.\"Your behavior towards colleagues isn\'t appropriate.\"\"\"'),(486,'Erin','mopper',6583,'c.\"She is unresponsive to employees concerns regarding unfair treatment.\"\"\"'),(487,'Errol','bathroom',13639,'d.\"You play favorites and are biased in your judgments.\"\"\"'),(488,'Fahad','electrcian',14553,'e.\"He doesnt take into account other peoples opinions when making important decisions.\"\"\"'),(489,'Farhan','manager',11477,'a.\"You are respectful and fair towards everyone in the organization.\"\"\"'),(490,'Farid','guard',8726,'b.\"He is regarded as highly credible by those working with him.\"\"\"'),(491,'Felix','cleaner',7882,'c.\"She is very punctual and understands the value of others time. She is never late to a meeting.\"\"\"'),(492,'Franco','mopper',8005,'d.\"You have portrayed exemplary behavior in all aspects of work.\"\"\"'),(493,'Frederick','cook',11023,'e.\"You abide by the companys rules and policies.\"\"\"'),(494,'Garath','cook',8560,'a.\"You need to be more assertive and decisive when giving out directions.\"\"\"'),(495,'Geoff','cook',8677,'b.\"He is always hurrying in making his decisions without taking into account the full details of the problem.\"\"\"'),(496,'Gerry','mopper',7400,'c.\"You should collaborate with others more to come up with solutions together.\"\"\"'),(497,'Giuseppe','bathroom',9598,'a.\"You are very articulate and explain your ideas and opinions clearly'),(498,'Gurpreet','electrcian',13436,'b.\"He gathers all the necessary facts and information before finding a solution to a problem.\"\"\"'),(499,'Haig','manager',8128,'c.\"Your best quality is that when faced with a problem');
/*!40000 ALTER TABLE `staff` ENABLE KEYS */;
UNLOCK TABLES;

--
-- Table structure for table `staff_works_for`
--

DROP TABLE IF EXISTS `staff_works_for`;
/*!40101 SET @saved_cs_client     = @@character_set_client */;
/*!50503 SET character_set_client = utf8mb4 */;
CREATE TABLE `staff_works_for` (
  `block_name` varchar(20) NOT NULL,
  `staff_id` int NOT NULL,
  `working_days` varchar(45) DEFAULT NULL,
  PRIMARY KEY (`block_name`,`staff_id`),
  KEY `staff_id_idx` (`staff_id`),
  CONSTRAINT `staff_works_for_ibfk_1` FOREIGN KEY (`block_name`) REFERENCES `hostel` (`block_name`) ON DELETE CASCADE,
  CONSTRAINT `staff_works_for_ibfk_2` FOREIGN KEY (`staff_id`) REFERENCES `staff` (`staff_id`) ON DELETE CASCADE ON UPDATE CASCADE
) ENGINE=InnoDB DEFAULT CHARSET=utf8mb4 COLLATE=utf8mb4_0900_ai_ci;
/*!40101 SET character_set_client = @saved_cs_client */;

--
-- Dumping data for table `staff_works_for`
--

LOCK TABLES `staff_works_for` WRITE;
/*!40000 ALTER TABLE `staff_works_for` DISABLE KEYS */;
INSERT INTO `staff_works_for` VALUES ('A',1,'Tuesday'),('A',2,'Wednesday'),('A',3,'Thursday'),('A',4,'Fr0ay'),('A',5,'Saturday'),('A',6,'Sunday'),('A',7,'Monday'),('A',8,'Tuesday'),('A',9,'Wednesday'),('A',10,'Thursday'),('A',11,'Fr0ay'),('A',12,'Saturday'),('A',13,'Sunday'),('A',14,'Monday'),('A',15,'Tuesday'),('A',16,'Wednesday'),('A',17,'Thursday'),('A',18,'Fr0ay'),('A',19,'Saturday'),('A',20,'Sunday'),('A',21,'Monday'),('A',22,'Tuesday'),('A',23,'Wednesday'),('A',24,'Thursday'),('A',25,'Fr0ay'),('A',26,'Saturday'),('A',27,'Sunday'),('A',28,'Monday'),('A',29,'Tuesday'),('A',30,'Wednesday'),('A',31,'Thursday'),('A',32,'Fr0ay'),('A',33,'Saturday'),('A',34,'Sunday'),('A',35,'Monday'),('A',36,'Tuesday'),('A',37,'Wednesday'),('A',38,'Thursday'),('A',39,'Fr0ay'),('B',1,'Sunday'),('B',2,'Monday'),('B',3,'Tuesday'),('B',4,'Wednesday'),('B',5,'Thursday'),('B',6,'Fr0ay'),('B',7,'Saturday'),('B',8,'Sunday'),('B',9,'Monday'),('B',10,'Tuesday'),('B',11,'Wednesday'),('B',12,'Thursday'),('B',13,'Fr0ay'),('B',14,'Saturday'),('B',15,'Sunday'),('B',16,'Monday'),('B',17,'Tuesday'),('B',18,'Wednesday'),('B',19,'Thursday'),('B',20,'Fr0ay'),('B',21,'Saturday'),('B',22,'Sunday'),('B',23,'Monday'),('B',24,'Tuesday'),('B',25,'Wednesday'),('B',26,'Thursday'),('B',27,'Fr0ay'),('B',28,'Saturday'),('B',29,'Sunday'),('B',30,'Monday'),('B',31,'Tuesday'),('B',32,'Wednesday'),('B',33,'Thursday'),('B',34,'Fr0ay'),('B',35,'Saturday'),('B',36,'Sunday'),('B',37,'Monday'),('B',38,'Tuesday'),('B',39,'Wednesday'),('B',40,'Thursday'),('C',1,'Saturday'),('C',2,'Sunday'),('C',3,'Monday'),('C',4,'Tuesday'),('C',5,'Wednesday'),('C',6,'Thursday'),('C',7,'Fr0ay'),('C',8,'Saturday'),('C',9,'Sunday'),('C',10,'Monday'),('C',11,'Tuesday'),('C',12,'Wednesday'),('C',13,'Thursday'),('C',14,'Fr0ay'),('C',15,'Saturday'),('C',16,'Sunday'),('C',17,'Monday'),('C',18,'Tuesday'),('C',19,'Wednesday'),('C',20,'Thursday'),('C',21,'Fr0ay'),('C',22,'Saturday'),('C',23,'Sunday'),('C',24,'Monday'),('C',25,'Tuesday'),('C',26,'Wednesday'),('C',27,'Thursday'),('C',28,'Fr0ay'),('C',29,'Saturday'),('C',30,'Sunday'),('C',31,'Monday'),('C',32,'Tuesday'),('C',33,'Wednesday'),('C',34,'Thursday'),('C',35,'Fr0ay'),('C',36,'Saturday'),('C',37,'Sunday'),('C',38,'Monday'),('C',39,'Tuesday'),('C',40,'Wednesday'),('D',1,'Thursday'),('D',2,'Fr0ay'),('D',3,'Saturday'),('D',4,'Sunday'),('D',5,'Monday'),('D',6,'Tuesday'),('D',7,'Wednesday'),('D',8,'Thursday'),('D',9,'Fr0ay'),('D',10,'Saturday'),('D',11,'Sunday'),('D',12,'Monday'),('D',13,'Tuesday'),('D',14,'Wednesday'),('D',15,'Thursday'),('D',16,'Fr0ay'),('D',17,'Saturday'),('D',18,'Sunday'),('D',19,'Monday'),('D',20,'Tuesday'),('D',21,'Wednesday'),('D',22,'Thursday'),('D',23,'Fr0ay'),('D',24,'Saturday'),('D',25,'Sunday'),('D',26,'Monday'),('D',27,'Tuesday'),('D',28,'Wednesday'),('D',29,'Thursday'),('D',30,'Fr0ay'),('D',31,'Saturday'),('D',32,'Sunday'),('D',33,'Monday'),('D',34,'Tuesday'),('D',35,'Wednesday'),('D',36,'Thursday'),('D',37,'Fr0ay'),('D',38,'Saturday'),('D',39,'Sunday'),('D',40,'Monday'),('E',1,'Fr0ay'),('E',2,'Saturday'),('E',3,'Sunday'),('E',4,'Monday'),('E',5,'Tuesday'),('E',6,'Wednesday'),('E',7,'Thursday'),('E',8,'Fr0ay'),('E',9,'Saturday'),('E',10,'Sunday'),('E',11,'Monday'),('E',12,'Tuesday'),('E',13,'Wednesday'),('E',14,'Thursday'),('E',15,'Fr0ay'),('E',16,'Saturday'),('E',17,'Sunday'),('E',18,'Monday'),('E',19,'Tuesday'),('E',20,'Wednesday'),('E',21,'Thursday'),('E',22,'Fr0ay'),('E',23,'Saturday'),('E',24,'Sunday'),('E',25,'Monday'),('E',26,'Tuesday'),('E',27,'Wednesday'),('E',28,'Thursday'),('E',29,'Fr0ay'),('E',30,'Saturday'),('E',31,'Sunday'),('E',32,'Monday'),('E',33,'Tuesday'),('E',34,'Wednesday'),('E',35,'Thursday'),('E',36,'Fr0ay'),('E',37,'Saturday'),('E',38,'Sunday'),('E',39,'Monday'),('E',40,'Tuesday'),('F',1,'Wednesday'),('F',2,'Thursday'),('F',3,'Fr0ay'),('F',4,'Saturday'),('F',5,'Sunday'),('F',6,'Monday'),('F',7,'Tuesday'),('F',8,'Wednesday'),('F',9,'Thursday'),('F',10,'Fr0ay'),('F',11,'Saturday'),('F',12,'Sunday'),('F',13,'Monday'),('F',14,'Tuesday'),('F',15,'Wednesday'),('F',16,'Thursday'),('F',17,'Fr0ay'),('F',18,'Saturday'),('F',19,'Sunday'),('F',20,'Monday'),('F',21,'Tuesday'),('F',22,'Wednesday'),('F',23,'Thursday'),('F',24,'Fr0ay'),('F',25,'Saturday'),('F',26,'Sunday'),('F',27,'Monday'),('F',28,'Tuesday'),('F',29,'Wednesday'),('F',30,'Thursday'),('F',31,'Fr0ay'),('F',32,'Saturday'),('F',33,'Sunday'),('F',34,'Monday'),('F',35,'Tuesday'),('F',36,'Wednesday'),('F',37,'Thursday'),('F',38,'Fr0ay'),('F',39,'Saturday'),('F',40,'Sunday'),('G',1,'Sunday'),('G',2,'Monday'),('G',3,'Tuesday'),('G',4,'Wednesday'),('G',5,'Thursday'),('G',6,'Fr0ay'),('G',7,'Saturday'),('G',8,'Sunday'),('G',9,'Monday'),('G',10,'Tuesday'),('G',11,'Wednesday'),('G',12,'Thursday'),('G',13,'Fr0ay'),('G',14,'Saturday'),('G',15,'Sunday'),('G',16,'Monday'),('G',17,'Tuesday'),('G',18,'Wednesday'),('G',19,'Thursday'),('G',20,'Fr0ay'),('G',21,'Saturday'),('G',22,'Sunday'),('G',23,'Monday'),('G',24,'Tuesday'),('G',25,'Wednesday'),('G',26,'Thursday'),('G',27,'Fr0ay'),('G',28,'Saturday'),('G',29,'Sunday'),('G',30,'Monday'),('G',31,'Tuesday'),('G',32,'Wednesday'),('G',33,'Thursday'),('G',34,'Fr0ay'),('G',35,'Saturday'),('G',36,'Sunday'),('G',37,'Monday'),('G',38,'Tuesday'),('G',39,'Wednesday'),('G',40,'Thursday'),('H',1,'Tuesday'),('H',2,'Wednesday'),('H',3,'Thursday'),('H',4,'Fr0ay'),('H',5,'Saturday'),('H',6,'Sunday'),('H',7,'Monday'),('H',8,'Tuesday'),('H',9,'Wednesday'),('H',10,'Thursday'),('H',11,'Fr0ay'),('H',12,'Saturday'),('H',13,'Sunday'),('H',14,'Monday'),('H',15,'Tuesday'),('H',16,'Wednesday'),('H',17,'Thursday'),('H',18,'Fr0ay'),('H',19,'Saturday'),('H',20,'Sunday'),('H',21,'Monday'),('H',22,'Tuesday'),('H',23,'Wednesday'),('H',24,'Thursday'),('H',25,'Fr0ay'),('H',26,'Saturday'),('H',27,'Sunday'),('H',28,'Monday'),('H',29,'Tuesday'),('H',30,'Wednesday'),('H',31,'Thursday'),('H',32,'Fr0ay'),('H',33,'Saturday'),('H',34,'Sunday'),('H',35,'Monday'),('H',36,'Tuesday'),('H',37,'Wednesday'),('H',38,'Thursday'),('H',39,'Fr0ay'),('H',40,'Saturday'),('I',1,'Thursday'),('I',2,'Fr0ay'),('I',3,'Saturday'),('I',4,'Sunday'),('I',5,'Monday'),('I',6,'Tuesday'),('I',7,'Wednesday'),('I',8,'Thursday'),('I',9,'Fr0ay'),('I',10,'Saturday'),('I',11,'Sunday'),('I',12,'Monday'),('I',13,'Tuesday'),('I',14,'Wednesday'),('I',15,'Thursday'),('I',16,'Fr0ay'),('I',17,'Saturday'),('I',18,'Sunday'),('I',19,'Monday'),('I',20,'Tuesday'),('I',21,'Wednesday'),('I',22,'Thursday'),('I',23,'Fr0ay'),('I',24,'Saturday'),('I',25,'Sunday'),('I',26,'Monday'),('I',27,'Tuesday'),('I',28,'Wednesday'),('I',29,'Thursday'),('I',30,'Fr0ay'),('I',31,'Saturday'),('I',32,'Sunday'),('I',33,'Monday'),('I',34,'Tuesday'),('I',35,'Wednesday'),('I',36,'Thursday'),('I',37,'Fr0ay'),('I',38,'Saturday'),('I',39,'Sunday'),('I',40,'Monday'),('J',1,'Monday'),('J',2,'Tuesday'),('J',3,'Wednesday'),('J',4,'Thursday'),('J',5,'Fr0ay'),('J',6,'Saturday'),('J',7,'Sunday'),('J',8,'Monday'),('J',9,'Tuesday'),('J',10,'Wednesday'),('J',11,'Thursday'),('J',12,'Fr0ay'),('J',13,'Saturday'),('J',14,'Sunday'),('J',15,'Monday'),('J',16,'Tuesday'),('J',17,'Wednesday'),('J',18,'Thursday'),('J',19,'Fr0ay'),('J',20,'Saturday'),('J',21,'Sunday'),('J',22,'Monday'),('J',23,'Tuesday'),('J',24,'Wednesday'),('J',25,'Thursday'),('J',26,'Fr0ay'),('J',27,'Saturday'),('J',28,'Sunday'),('J',29,'Monday'),('J',30,'Tuesday'),('J',31,'Wednesday'),('J',32,'Thursday'),('J',33,'Fr0ay'),('J',34,'Saturday'),('J',35,'Sunday'),('J',36,'Monday'),('J',37,'Tuesday'),('J',38,'Wednesday'),('J',39,'Thursday'),('J',40,'Fr0ay');
/*!40000 ALTER TABLE `staff_works_for` ENABLE KEYS */;
UNLOCK TABLES;

--
-- Table structure for table `student`
--

DROP TABLE IF EXISTS `student`;
/*!40101 SET @saved_cs_client     = @@character_set_client */;
/*!50503 SET character_set_client = utf8mb4 */;
CREATE TABLE `student` (
  `roll_no` int NOT NULL,
  `name` varchar(45) DEFAULT NULL,
  `branch` varchar(45) NOT NULL,
  `street` varchar(45) DEFAULT NULL,
  `city` varchar(45) DEFAULT NULL,
  `state` varchar(45) DEFAULT NULL,
  `dob` date DEFAULT NULL,
  `email_id` varchar(45) DEFAULT NULL,
  `last_name` varchar(45) DEFAULT NULL,
  PRIMARY KEY (`roll_no`),
  UNIQUE KEY `email_id_UNIQUE` (`email_id`)
) ENGINE=InnoDB DEFAULT CHARSET=utf8mb4 COLLATE=utf8mb4_0900_ai_ci;
/*!40101 SET character_set_client = @saved_cs_client */;

--
-- Dumping data for table `student`
--

LOCK TABLES `student` WRITE;
/*!40000 ALTER TABLE `student` DISABLE KEYS */;
INSERT INTO `student` VALUES (1,'David','Aerospace Engineering','POINT(22,36)','Abohar ','PUNJAB','1963-04-11','email1','SMITH'),(2,'John','Biosciences and Bioengineering','POINT(22,36)','Achalpur ','MAHARASHTRA','1963-05-17','email2','JOHNSON'),(3,'Paul','Chemical Engineering','POINT(22,36)','Adilabad ','ANDHRA PRADESH','1971-01-18','email3','WILLIAMS'),(4,'Mark','Chemistry','POINT(22,36)','Adityapur ','JHARKHAND','1971-02-08','email4','BROWN'),(5,'James','Civil Engineering','POINT(22,36)','Adoni ','ANDHRA PRADESH','1973-12-01','email5','JONES'),(6,'Andrew','Computer Science & Engineering','POINT(22,36)','Agartala ','TRIPURA','1973-12-10','email6','MILLER'),(7,'Scott','Earth Sciences','POINT(22,36)','Agra ','UTTAR PRADESH','1977-04-30','email7','DAVIS'),(8,'Steven','Electrical Engineering','POINT(22,36)','Ahmadabad ','GUJARAT','1978-02-20','email8','GARCIA'),(9,'Robert','Energy Science and Engineering','POINT(22,36)','Ahmadnagar ','MAHARASHTRA','1979-11-30','email9','RODRIGUEZ'),(10,'Stephen','Humanities & Social Science','POINT(22,36)','Aizawl ','MIZORAM','1979-12-17','email10','WILSON'),(11,'William','Mathematics','POINT(22,36)','Ajmer ','RAJASTHAN','1983-12-26','email11','MARTINEZ'),(12,'Craig','Mechanical Engineering','POINT(22,36)','Akbarpur ','UTTAR PRADESH','1984-01-23','email12','ANDERSON'),(13,'Michael','Metallurgical Engineering & Materials Science','POINT(22,36)','Akola ','MAHARASHTRA','1988-02-05','email13','TAYLOR'),(14,'Stuart','Physics','POINT(22,36)','Alandur ','TAMIL NADU','1988-02-05','email14','THOMAS'),(15,'Christopher','Industrial Design Centre','POINT(22,36)','Alappuzha ','KERALA','1988-03-27','email15','HERNANDEZ'),(16,'Alan','Application Software Centre (ASC)','POINT(22,36)','Aligarh ','UTTAR PRADESH','1989-04-02','email16','MOORE'),(19,'Kevin','Computer Centre (CC)','POINT(22,36)','Ambala ','HARYANA','1991-03-24','email19','THOMPSON'),(22,'Derek','Centre for Policy Studies (CPS)','POINT(22,36)','Ambattur ','TAMIL NADU','1992-01-19','email22','LEE'),(27,'Ian','Centre for Entrepreneurship (DSCE)','POINT(22,36)','Amritsar ','PUNJAB','1993-04-04','email27','ROBINSON'),(28,'Jason','ABC-EDS Research Academy','POINT(22,36)','Amroha ','UTTAR PRADESH','1993-06-13','email28','WALKER'),(31,'Alexander','National Centre for Mathematics (NCM)','POINT(22,36)','Anantnag ','JAMMU & KASHMIR','1994-11-26','email31','YOUNG'),(32,'Graeme','Center for Learning and Teaching (PPCCLT)','POINT(22,36)','Arrah ','BIHAR','1995-11-19','email32','ALLEN'),(34,'Darren','Technology and Design (TCTD)','POINT(22,36)','Ashoknagar Kalyangarh ','WEST BENGAL','1996-11-17','email34','WRIGHT'),(35,'Graham','Centre for Bioengineering (WRCB)','POINT(22,36)','Aurangabad ','BIHAR','1997-01-19','email35','KING'),(36,'George','School of Management','POINT(22,36)','Aurangabad ','MAHARASHTRA','1997-02-16','email36','SCOTT'),(37,'Kenneth','Climate Studies','POINT(22,36)','Avadi ','TAMIL NADU','1997-02-17','email37','GREEN'),(38,'Allan','Educational Technology','POINT(22,36)','Azamgarh ','UTTAR PRADESH','1997-03-23','email38','BAKER'),(40,'Douglas','Systems and Control Engineering','POINT(22,36)','Bagaha ','BIHAR','1997-11-09','email40','NELSON'),(41,'Keith','Aerospace Engineering','POINT(22,36)','Bagalkot ','KARNATAKA','1998-03-29','email41','HILL'),(42,'Lee','Biosciences and Bioengineering','POINT(22,36)','Bahadurgarh ','HARYANA','1998-06-28','email42','RAMIREZ'),(43,'Anthony','Chemical Engineering','POINT(22,36)','Baharampur ','WEST BENGAL','1998-06-29','email43','CAMPBELL'),(44,'Grant','Chemistry','POINT(22,36)','Bahraich ','UTTAR PRADESH','1998-11-15','email44','MITCHELL'),(45,'Ross','Civil Engineering','POINT(22,36)','Baidyabati ','WEST BENGAL','1998-12-29','email45','ROBERTS'),(46,'Jonathan','Computer Science & Engineering','POINT(22,36)','Baleshwar Town ','ORISSA','1999-01-24','email46','CARTER'),(47,'Gavin','Earth Sciences','POINT(22,36)','Ballia ','UTTAR PRADESH','1999-01-26','email47','PHILLIPS'),(48,'Nicholas','Electrical Engineering','POINT(22,36)','Bally ','WEST BENGAL','1999-02-15','email48','EVANS'),(49,'Joseph','Energy Science and Engineering','POINT(22,36)','Bally City','WEST BENGAL','1999-03-28','email49','TURNER'),(50,'Stewart','Humanities & Social Science','POINT(22,36)','Balurghat ','WEST BENGAL','1999-05-23','email50','TORRES'),(51,'Daniel','Mathematics','POINT(22,36)','Banda ','UTTAR PRADESH','1999-06-28','email51','PARKER'),(52,'Edward','Mechanical Engineering','POINT(22,36)','Bankura ','WEST BENGAL','1999-08-22','email52','COLLINS'),(53,'Matthew','Metallurgical Engineering & Materials Science','POINT(22,36)','Bansberia ','WEST BENGAL','1999-08-23','email53','EDWARDS'),(54,'Donald','Physics','POINT(22,36)','Banswara ','RAJASTHAN','1999-09-14','email54','STEWART'),(55,'Fraser','Industrial Design Centre','POINT(22,36)','Baran ','RAJASTHAN','1999-09-26','email55','FLORES'),(56,'Garry','Application Software Centre (ASC)','POINT(22,36)','Baranagar ','WEST BENGAL','1999-11-14','email56','MORRIS'),(59,'Duncan','Computer Centre (CC)','POINT(22,36)','Barddhaman ','WEST BENGAL','2000-05-21','email59','RIVERA'),(62,'Philip','Centre for Policy Studies (CPS)','POINT(22,36)','Barnala ','PUNJAB','2001-02-25','email62','MORGAN'),(67,'Bruce','Centre for Entrepreneurship (DSCE)','POINT(22,36)','Batala ','PUNJAB','2002-03-17','email67','BELL'),(68,'Patrick','ABC-EDS Research Academy','POINT(22,36)','Bathinda ','PUNJAB','2002-04-21','email68','GOMEZ'),(71,'Marc','National Centre for Mathematics (NCM)','POINT(22,36)','Belgaum ','KARNATAKA','2002-08-25','email71','WARD'),(72,'Jamie','Center for Learning and Teaching (PPCCLT)','POINT(22,36)','Bellary ','KARNATAKA','2002-11-17','email72','COX'),(74,'Euan','Technology and Design (TCTD)','POINT(22,36)','Bettiah ','BIHAR','2003-03-30','email74','RICHARDSON'),(75,'Gerard','Centre for Bioengineering (WRCB)','POINT(22,36)','Betul ','MADHYA PRADESH','2003-07-27','email75','WOOD'),(76,'Sean','School of Management','POINT(22,36)','Bhadrak ','ORISSA','2003-09-16','email76','WATSON'),(77,'Wayne','Climate Studies','POINT(22,36)','Bhadravati ','KARNATAKA','2004-02-15','email77','BROOKS'),(78,'Adam','Educational Technology','POINT(22,36)','Bhadreswar ','WEST BENGAL','2004-06-27','email78','BENNETT'),(80,'Alasdair','Systems and Control Engineering','POINT(22,36)','Bhalswa Jahangir Pur ','NCT OF DELHI','2006-01-08','email80','JAMES'),(81,'Robin','Aerospace Engineering','POINT(22,36)','Bharatpur ','RAJASTHAN','2006-01-29','email81','REYES'),(82,'Greig','Biosciences and Bioengineering','POINT(22,36)','Bharuch ','GUJARAT','2006-06-11','email82','CRUZ'),(83,'Angus','Chemical Engineering','POINT(22,36)','Bhatpara ','WEST BENGAL','2006-07-03','email83','HUGHES'),(84,'Russell','Chemistry','POINT(22,36)','Bhavnagar ','GUJARAT','2006-09-17','email84','PRICE'),(85,'Cameron','Civil Engineering','POINT(22,36)','Bhilai Nagar ','CHHATTISGARH','2007-10-07','email85','MYERS'),(86,'Roderick','Computer Science & Engineering','POINT(22,36)','Bhilwara ','RAJASTHAN','2007-10-07','email86','LONG'),(87,'Norman','Earth Sciences','POINT(22,36)','Bhimavaram ','ANDHRA PRADESH','2007-10-07','email87','FOSTER'),(88,'Murray','Electrical Engineering','POINT(22,36)','Bhind ','MADHYA PRADESH','2008-04-27','email88','SANDERS'),(89,'Gareth','Energy Science and Engineering','POINT(22,36)','Bhiwadi ','RAJASTHAN','2008-11-23','email89','ROSS'),(90,'Dean','Humanities & Social Science','POINT(22,36)','Bhiwandi ','MAHARASHTRA','2008-12-14','email90','MORALES'),(91,'Eric','Mathematics','POINT(22,36)','Bhiwani ','HARYANA','2009-01-25','email91','POWELL'),(92,'Adrian','Mechanical Engineering','POINT(22,36)','Bhopal ','MADHYA PRADESH','2009-02-15','email92','SULLIVAN'),(93,'Gregor','Metallurgical Engineering & Materials Science','POINT(22,36)','Bhubaneswar Town ','ORISSA','2009-04-26','email93','RUSSELL'),(94,'Samuel','Physics','POINT(22,36)','Bhuj ','GUJARAT','2009-06-07','email94','ORTIZ'),(95,'Gerald','Industrial Design Centre','POINT(22,36)','Bhusawal ','MAHARASHTRA','2009-06-15','email95','JENKINS'),(96,'Henry','Application Software Centre (ASC)','POINT(22,36)','Bid ','MAHARASHTRA','2009-09-13','email96','GUTIERREZ'),(99,'Shaun','Computer Centre (CC)','POINT(22,36)','Biharsharif ','BIHAR','2009-12-13','email99','BARNES'),(102,'Frank','Centre for Policy Studies (CPS)','POINT(22,36)','Bilaspur ','CHHATTISGARH','2010-03-28','email102','COLEMAN'),(107,'Hamish','Centre for Entrepreneurship (DSCE)','POINT(22,36)','Budaun ','UTTAR PRADESH','2011-07-17','email107','HAMILTON'),(108,'Niall','ABC-EDS Research Academy','POINT(22,36)','Bulandshahr ','UTTAR PRADESH','2011-07-25','email108','GRAHAM'),(111,'Brendan','National Centre for Mathematics (NCM)','POINT(22,36)','Burhanpur ','MADHYA PRADESH','2011-08-14','email111','ALEXANDER'),(112,'Terence','Center for Learning and Teaching (PPCCLT)','POINT(22,36)','Buxar ','BIHAR','2011-09-18','email112','RAMOS'),(114,'Leslie','Technology and Design (TCTD)','POINT(22,36)','Chandannagar ','WEST BENGAL','2011-11-20','email114','GRIFFIN'),(115,'Lindsay','Centre for Bioengineering (WRCB)','POINT(22,36)','Chandausi ','UTTAR PRADESH','2013-01-27','email115','WEST'),(116,'Trevor','School of Management','POINT(22,36)','Chandigarh ','CHANDIGARH','2013-04-07','email116','COLE'),(117,'Vincent','Climate Studies','POINT(22,36)','Chandrapur ','MAHARASHTRA','2013-08-18','email117','HAYES'),(118,'Christian','Educational Technology','POINT(22,36)','Chapra ','BIHAR','2013-08-18','email118','CHAVEZ'),(120,'Rory','Systems and Control Engineering','POINT(22,36)','Chennai ','TAMIL NADU','2013-10-27','email120','BRYANT'),(121,'Antony','Aerospace Engineering','POINT(22,36)','Chhattarpur ','MADHYA PRADESH','2014-04-06','email121','ELLIS'),(122,'Fergus','Biosciences and Bioengineering','POINT(22,36)','Chhindwara ','MADHYA PRADESH','2014-06-29','email122','STEVENS'),(123,'Roger','Chemical Engineering','POINT(22,36)','Chikmagalur ','KARNATAKA','2014-08-17','email123','MURRAY'),(124,'Arthur','Chemistry','POINT(22,36)','Chilakaluripet ','ANDHRA PRADESH','2015-03-29','email124','FORD'),(125,'Dominic','Civil Engineering','POINT(22,36)','Chitradurga ','KARNATAKA','2015-11-22','email125','MARSHALL'),(126,'Ewen','Computer Science & Engineering','POINT(22,36)','Chittaurgarh ','RAJASTHAN','2015-11-22','email126','OWENS'),(127,'Jon','Earth Sciences','POINT(22,36)','Chittoor ','ANDHRA PRADESH','2015-12-14','email127','MCDONALD'),(128,'Owen','Electrical Engineering','POINT(22,36)','Churu ','RAJASTHAN','2016-01-24','email128','HARRISON'),(129,'Gregory','Energy Science and Engineering','POINT(22,36)','Coimbatore ','TAMIL NADU','2016-04-03','email129','RUIZ'),(130,'Jeffrey','Humanities & Social Science','POINT(22,36)','Cuddalore ','TAMIL NADU','2016-06-19','email130','KENNEDY'),(131,'Terry','Mathematics','POINT(22,36)','Cuttack ','ORISSA','2016-06-19','email131','WELLS'),(132,'Damian','Mechanical Engineering','POINT(22,36)','Dabgram ','WEST BENGAL','2016-09-11','email132','ALVAREZ'),(133,'Geoffrey','Metallurgical Engineering & Materials Science','POINT(22,36)','Dallo Pura ','NCT OF DELHI','2017-01-29','email133','WOODS'),(134,'Harry','Physics','POINT(22,36)','Damoh ','MADHYA PRADESH','2017-02-12','email134','MENDOZA'),(135,'Walter','Industrial Design Centre','POINT(22,36)','Darbhanga ','BIHAR','2017-04-02','email135','CASTILLO'),(136,'Bernard','Application Software Centre (ASC)','POINT(22,36)','Darjiling ','WEST BENGAL','2017-05-21','email136','OLSON'),(139,'Aaron','Computer Centre (CC)','POINT(22,36)','Deesa ','GUJARAT','2019-04-07','email139','TUCKER'),(142,'Jeremy','Centre for Policy Studies (CPS)','POINT(22,36)','Delhi ','NCT OF DELHI','1956-09-18','email142','HENRY'),(147,'Glenn','Centre for Entrepreneurship (DSCE)','POINT(22,36)','Dewas ','MADHYA PRADESH','1975-05-29','email147','JIMENEZ'),(148,'Julian','ABC-EDS Research Academy','POINT(22,36)','Dhanbad ','JHARKHAND','1975-05-31','email148','PORTER'),(151,'Martyn','National Centre for Mathematics (NCM)','POINT(22,36)','Dhule ','MAHARASHTRA','1984-07-23','email151','GORDON'),(152,'Nigel','Center for Learning and Teaching (PPCCLT)','POINT(22,36)','Dibrugarh ','ASSAM','1985-02-18','email152','WAGNER'),(154,'Denis','Technology and Design (TCTD)','POINT(22,36)','Dinapur Nizamat ','BIHAR','1985-11-25','email154','ROMERO'),(155,'Drew','Centre for Bioengineering (WRCB)','POINT(22,36)','Dindigul ','TAMIL NADU','1986-07-03','email155','HICKS'),(156,'Evan','School of Management','POINT(22,36)','Dum Dum ','WEST BENGAL','1986-07-09','email156','DIXON'),(157,'Phillip','Climate Studies','POINT(22,36)','Durg ','CHHATTISGARH','1987-07-24','email157','HUNT'),(158,'Frazer','Educational Technology','POINT(22,36)','Durgapur ','WEST BENGAL','1988-10-07','email158','PALMER'),(160,'Laurence','Systems and Control Engineering','POINT(22,36)','English Bazar ','WEST BENGAL','1994-11-20','email160','BLACK'),(161,'Lawrence','Aerospace Engineering','POINT(22,36)','Erode ','TAMIL NADU','1995-04-03','email161','HOLMES'),(162,'Magnus','Biosciences and Bioengineering','POINT(22,36)','Etah ','UTTAR PRADESH','1995-08-27','email162','STONE'),(163,'Crawford','Chemical Engineering','POINT(22,36)','Etawah ','UTTAR PRADESH','1995-10-23','email163','MEYER'),(164,'Finlay','Chemistry','POINT(22,36)','Faizabad ','UTTAR PRADESH','1995-10-24','email164','BOYD'),(165,'Frederick','Civil Engineering','POINT(22,36)','Faridabad ','HARYANA','1998-11-15','email165','MILLS'),(166,'Gregg','Computer Science & Engineering','POINT(22,36)','Farrukhabad-cum-Fatehgarh ','UTTAR PRADESH','1999-05-10','email166','WARREN'),(167,'Karl','Earth Sciences','POINT(22,36)','Fatehpur ','UTTAR PRADESH','1999-05-11','email167','FOX'),(168,'Kerr','Electrical Engineering','POINT(22,36)','Firozabad ','UTTAR PRADESH','1999-10-17','email168','ROSE'),(169,'Mohammed','Energy Science and Engineering','POINT(22,36)','Firozpur ','PUNJAB','1999-10-25','email169','RICE'),(170,'Rodney','Humanities & Social Science','POINT(22,36)','Gadag-Betigeri ','KARNATAKA','1999-12-12','email170','MORENO'),(171,'Victor','Mathematics','POINT(22,36)','Gandhidham ','GUJARAT','2000-01-31','email171','SCHMIDT'),(172,'Carl','Mechanical Engineering','POINT(22,36)','Gandhinagar ','GUJARAT','2000-02-01','email172','PATEL'),(173,'Daryl','Metallurgical Engineering & Materials Science','POINT(22,36)','Ganganagar ','RAJASTHAN','2000-02-02','email173','FERGUSON'),(174,'Don','Physics','POINT(22,36)','Gangapur City ','RAJASTHAN','2000-02-03','email174','NICHOLS'),(175,'Edwin','Industrial Design Centre','POINT(22,36)','Gangawati ','KARNATAKA','2000-02-04','email175','HERRERA'),(176,'Erik','Application Software Centre (ASC)','POINT(22,36)','Gaya ','BIHAR','2001-04-01','email176','MEDINA'),(179,'Kyle','Computer Centre (CC)','POINT(22,36)','Godhra ','GUJARAT','2002-05-13','email179','WEAVER'),(182,'Maurice','Centre for Policy Studies (CPS)','POINT(22,36)','Gondal ','GUJARAT','2002-11-17','email182','GARDNER'),(187,'Clark','Centre for Entrepreneurship (DSCE)','POINT(22,36)','Greater Noida ','UTTAR PRADESH','2004-02-23','email187','ARNOLD'),(188,'Darran','ABC-EDS Research Academy','POINT(22,36)','Gudivada ','ANDHRA PRADESH','2004-06-13','email188','TRAN'),(191,'Leonard','National Centre for Mathematics (NCM)','POINT(22,36)','Guntakal ','ANDHRA PRADESH','2006-04-02','email191','HAWKINS'),(192,'Nairn','Center for Learning and Teaching (PPCCLT)','POINT(22,36)','Guntur ','ANDHRA PRADESH','2006-08-14','email192','GRANT'),(194,'Stefan','Technology and Design (TCTD)','POINT(22,36)','Guwahati ','ASSAM','2006-11-05','email194','CASTRO'),(195,'Toby','Centre for Bioengineering (WRCB)','POINT(22,36)','Gwalior ','MADHYA PRADESH','2006-11-26','email195','HOFFMAN'),(196,'Warren','School of Management','POINT(22,36)','Habra ','WEST BENGAL','2007-02-19','email196','HART'),(197,'Billy','Climate Studies','POINT(22,36)','Hajipur ','BIHAR','2007-04-24','email197','ELLIOTT'),(198,'Clive','Educational Technology','POINT(22,36)','Haldia ','WEST BENGAL','2007-04-24','email198','CUNNINGHAM'),(200,'Louis','Systems and Control Engineering','POINT(22,36)','Halisahar ','WEST BENGAL','2007-10-07','email200','BRADLEY'),(201,'Mohammad','Aerospace Engineering','POINT(22,36)','Hanumangarh ','RAJASTHAN','2008-04-14','email201','CARROLL'),(202,'Neill','Biosciences and Bioengineering','POINT(22,36)','Haora ','WEST BENGAL','2008-08-17','email202','HUDSON'),(203,'Noel','Chemical Engineering','POINT(22,36)','Hapur ','UTTAR PRADESH','2009-01-25','email203','DUNCAN'),(204,'Ralph','Chemistry','POINT(22,36)','Hardoi ','UTTAR PRADESH','2009-06-28','email204','ARMSTRONG'),(205,'Sandy','Civil Engineering','POINT(22,36)','Hardwar ','UTTARAKHAND','2010-01-31','email205','BERRY'),(206,'Albert','Computer Science & Engineering','POINT(22,36)','Hassan ','KARNATAKA','2010-02-23','email206','ANDREWS'),(207,'Alun','Earth Sciences','POINT(22,36)','Hastsal ','NCT OF DELHI','2010-04-25','email207','JOHNSTON'),(208,'Brett','Electrical Engineering','POINT(22,36)','Hathras ','UTTAR PRADESH','2010-05-11','email208','RAY'),(209,'Clifford','Energy Science and Engineering','POINT(22,36)','Hazaribag ','JHARKHAND','2016-04-03','email209','LANE'),(210,'Eoin','Humanities & Social Science','POINT(22,36)','Hindaun ','RAJASTHAN','2016-07-25','email210','RILEY'),(211,'Glyn','Mathematics','POINT(22,36)','Hindupur ','ANDHRA PRADESH','2016-08-21','email211','CARPENTER'),(212,'Imran','Mechanical Engineering','POINT(22,36)','Hinganghat ','MAHARASHTRA','2016-10-03','email212','PERKINS'),(213,'Ivor','Metallurgical Engineering & Materials Science','POINT(22,36)','Hisar ','HARYANA','2016-10-30','email213','AGUILAR'),(214,'Johnathan','Physics','POINT(22,36)','Hoshangabad ','MADHYA PRADESH','2016-11-28','email214','SILVA'),(215,'Kevan','Industrial Design Centre','POINT(22,36)','Hoshiarpur ','PUNJAB','2016-12-18','email215','RICHARDS'),(216,'Neal','Application Software Centre (ASC)','POINT(22,36)','Hospet ','KARNATAKA','2017-02-13','email216','WILLIS'),(219,'Roland','Computer Centre (CC)','POINT(22,36)','Hugli-Chinsurah ','WEST BENGAL','2017-08-28','email219','LAWRENCE'),(222,'Antonio','Centre for Policy Studies (CPS)','POINT(22,36)','Indore ','MADHYA PRADESH','2018-08-19','email222','WATKINS'),(227,'Derrick','Centre for Entrepreneurship (DSCE)','POINT(22,36)','Jalandhar ','PUNJAB','1975-11-27','email227','GEORGE'),(228,'Innes','ABC-EDS Research Academy','POINT(22,36)','Jalgaon ','MAHARASHTRA','1976-03-13','email228','GREENE'),(231,'Mathew','National Centre for Mathematics (NCM)','POINT(22,36)','Jamalpur ','BIHAR','1976-12-09','email231','MORRISON'),(232,'Moray','Center for Learning and Teaching (PPCCLT)','POINT(22,36)','Jammu ','JAMMU & KASHMIR','1976-12-15','email232','MUNOZ'),(234,'Shane','Technology and Design (TCTD)','POINT(22,36)','Jamshedpur ','JHARKHAND','1977-07-29','email234','OBRIEN'),(235,'Tony','Centre for Bioengineering (WRCB)','POINT(22,36)','Jamuria ','WEST BENGAL','1977-10-21','email235','LAWSON'),(236,'Brent','School of Management','POINT(22,36)','Jaunpur ','UTTAR PRADESH','1978-01-01','email236','FRANKLIN'),(237,'Findlay','Climate Studies','POINT(22,36)','Jehanabad ','BIHAR','1978-03-19','email237','LYNCH'),(238,'Forbes','Educational Technology','POINT(22,36)','Jetpur Navagadh ','GUJARAT','1978-04-09','email238','BISHOP'),(240,'Giles','Systems and Control Engineering','POINT(22,36)','Jhunjhunun ','RAJASTHAN','1979-04-01','email240','SALAZAR'),(241,'Jay','Aerospace Engineering','POINT(22,36)','Jind ','HARYANA','1979-09-01','email241','AUSTIN'),(242,'Kelvin','Biosciences and Bioengineering','POINT(22,36)','Jodhpur ','RAJASTHAN','1980-04-19','email242','MENDEZ'),(243,'Leighton','Chemical Engineering','POINT(22,36)','Junagadh ','GUJARAT','1980-07-26','email243','GILBERT'),(244,'Marco','Chemistry','POINT(22,36)','Kadapa ','ANDHRA PRADESH','1980-11-24','email244','JENSEN'),(245,'Omar','Civil Engineering','POINT(22,36)','Kaithal ','HARYANA','1981-01-27','email245','WILLIAMSON'),(246,'Roddy','Computer Science & Engineering','POINT(22,36)','Kakinada ','ANDHRA PRADESH','1981-08-08','email246','MONTGOMERY'),(247,'Tom','Earth Sciences','POINT(22,36)','Kalol ','GUJARAT','1981-10-04','email247','HARVEY'),(248,'Abdul','Electrical Engineering','POINT(22,36)','Kalyani ','WEST BENGAL','1982-05-21','email248','OLIVER'),(249,'Alfred','Energy Science and Engineering','POINT(22,36)','Kamarhati ','WEST BENGAL','1982-06-07','email249','HOWELL'),(250,'Alick','Humanities & Social Science','POINT(22,36)','Kancheepuram ','TAMIL NADU','1982-08-22','email250','DEAN'),(251,'Ashley','Mathematics','POINT(22,36)','Kanchrapara ','WEST BENGAL','1982-11-04','email251','HANSON'),(252,'Bryce','Mechanical Engineering','POINT(22,36)','Kanpur ','UTTAR PRADESH','1983-04-16','email252','WEBER'),(253,'Conrad','Metallurgical Engineering & Materials Science','POINT(22,36)','Kanpur City','UTTAR PRADESH','1983-04-30','email253','GARRETT'),(254,'Darryl','Physics','POINT(22,36)','Karaikkudi ','TAMIL NADU','1983-12-14','email254','SIMS'),(255,'Eugene','Industrial Design Centre','POINT(22,36)','Karawal Nagar ','NCT OF DELHI','1984-04-21','email255','BURTON'),(256,'Harold','Application Software Centre (ASC)','POINT(22,36)','Karimnagar ','ANDHRA PRADESH','1984-06-24','email256','FULLER'),(259,'Jody','Computer Centre (CC)','POINT(22,36)','Kashipur ','UTTARAKHAND','1985-07-21','email259','WELCH'),(262,'Kris','Centre for Policy Studies (CPS)','POINT(22,36)','Khandwa ','MADHYA PRADESH','1987-07-11','email262','WALTERS'),(267,'Rodger','Centre for Entrepreneurship (DSCE)','POINT(22,36)','Khora ','UTTAR PRADESH','1989-05-22','email267','FOWLER'),(268,'Seumas','ABC-EDS Research Academy','POINT(22,36)','Khurja ','UTTAR PRADESH','1990-10-27','email268','BOWMAN'),(271,'Alex','National Centre for Mathematics (NCM)','POINT(22,36)','Kishangarh ','RAJASTHAN','1991-11-19','email271','DAY'),(272,'Ali','Center for Learning and Teaching (PPCCLT)','POINT(22,36)','Kochi ','KERALA','1993-01-11','email272','SCHNEIDER'),(274,'Archie','Technology and Design (TCTD)','POINT(22,36)','Kolhapur ','MAHARASHTRA','1993-12-27','email274','BREWER'),(275,'Daren','Centre for Bioengineering (WRCB)','POINT(22,36)','Kolkata ','WEST BENGAL','1994-08-24','email275','LUCAS'),(276,'Derick','School of Management','POINT(22,36)','Kollam ','KERALA','1994-09-18','email276','HOLLAND'),(277,'Gideon','Climate Studies','POINT(22,36)','Korba ','CHHATTISGARH','1994-09-18','email277','WONG'),(278,'Jan','Educational Technology','POINT(22,36)','Kota ','RAJASTHAN','1994-12-27','email278','BANKS'),(280,'Kerry','Systems and Control Engineering','POINT(22,36)','Krishnanagar ','WEST BENGAL','1995-11-13','email280','CURTIS'),(281,'Kieron','Aerospace Engineering','POINT(22,36)','Kulti ','WEST BENGAL','1995-12-27','email281','PEARSON'),(282,'Luke','Biosciences and Bioengineering','POINT(22,36)','Kumbakonam ','TAMIL NADU','1996-01-29','email282','DELGADO'),(283,'Lyall','Chemical Engineering','POINT(22,36)','Kurichi ','TAMIL NADU','1996-07-07','email283','VALDEZ'),(284,'Manus','Chemistry','POINT(22,36)','Kurnool ','ANDHRA PRADESH','1996-12-29','email284','PENA'),(285,'Marvin','Civil Engineering','POINT(22,36)','Lakhimpur ','UTTAR PRADESH','1997-03-16','email285','RIOS'),(286,'Morgan','Computer Science & Engineering','POINT(22,36)','Lalitpur ','UTTAR PRADESH','1997-06-09','email286','DOUGLAS'),(287,'Muir','Earth Sciences','POINT(22,36)','Latur ','MAHARASHTRA','1997-08-21','email287','SANDOVAL'),(288,'Myles','Electrical Engineering','POINT(22,36)','Loni ','UTTAR PRADESH','1997-09-15','email288','BARRETT'),(289,'Ronnie','Energy Science and Engineering','POINT(22,36)','Lucknow ','UTTAR PRADESH','1997-12-28','email289','HOPKINS'),(290,'Rowan','Humanities & Social Science','POINT(22,36)','Ludhiana ','PUNJAB','1998-04-19','email290','KELLER'),(291,'Rupert','Mathematics','POINT(22,36)','Machilipatnam ','ANDHRA PRADESH','1998-04-20','email291','GUERRERO'),(292,'Spencer','Mechanical Engineering','POINT(22,36)','Madanapalle ','ANDHRA PRADESH','1998-07-20','email292','STANLEY'),(293,'Stephan','Metallurgical Engineering & Materials Science','POINT(22,36)','Madavaram ','TAMIL NADU','1998-08-10','email293','BATES'),(294,'Struan','Physics','POINT(22,36)','Madhyamgram ','WEST BENGAL','1998-08-13','email294','ALVARADO'),(295,'Torquil','Industrial Design Centre','POINT(22,36)','Madurai ','TAMIL NADU','1998-10-26','email295','BECK'),(296,'Wallace','Application Software Centre (ASC)','POINT(22,36)','Mahbubnagar ','ANDHRA PRADESH','1998-11-30','email296','ORTEGA'),(299,'Alec','Computer Centre (CC)','POINT(22,36)','Mainpuri ','UTTAR PRADESH','1999-04-11','email299','CONTRERAS'),(302,'Arran','Centre for Policy Studies (CPS)','POINT(22,36)','Mandoli ','NCT OF DELHI','1999-09-12','email302','SANTIAGO'),(307,'Chad','Centre for Entrepreneurship (DSCE)','POINT(22,36)','Mathura ','UTTAR PRADESH','1999-12-20','email307','CRAIG'),(308,'Chun','ABC-EDS Research Academy','POINT(22,36)','Maunath Bhanjan ','UTTAR PRADESH','2000-01-17','email308','LEONARD'),(311,'Danny','National Centre for Mathematics (NCM)','POINT(22,36)','Mira Bhayander ','MAHARASHTRA','2000-09-22','email311','BYRD'),(312,'Darron','Center for Learning and Teaching (PPCCLT)','POINT(22,36)','Miryalaguda ','ANDHRA PRADESH','2000-09-23','email312','GREGORY'),(314,'Deryck','Technology and Design (TCTD)','POINT(22,36)','Modinagar ','UTTAR PRADESH','2000-11-10','email314','FRAZIER'),(315,'Edmond','Centre for Bioengineering (WRCB)','POINT(22,36)','Moga ','PUNJAB','2000-11-26','email315','BECKER'),(316,'Edmund','School of Management','POINT(22,36)','Moradabad ','UTTAR PRADESH','2001-01-14','email316','MALDONADO'),(317,'Jacob','Climate Studies','POINT(22,36)','Morena ','MADHYA PRADESH','2001-02-05','email317','FLEMING'),(318,'Johnston','Educational Technology','POINT(22,36)','Morvi ','GUJARAT','2001-03-18','email318','VEGA'),(320,'Kennedy','Systems and Control Engineering','POINT(22,36)','Mughalsarai ','UTTAR PRADESH','2001-09-10','email320','COHEN'),(321,'Khalil','Aerospace Engineering','POINT(22,36)','Muktsar ','PUNJAB','2001-09-23','email321','JENNINGS'),(322,'Kristofer','Biosciences and Bioengineering','POINT(22,36)','Munger ','BIHAR','2001-10-22','email322','PARKS'),(323,'Laurie','Chemical Engineering','POINT(22,36)','Murwara ','MADHYA PRADESH','2001-11-12','email323','MCDANIEL'),(324,'Lloyd','Chemistry','POINT(22,36)','Mustafabad ','NCT OF DELHI','2003-07-27','email324','WATTS'),(325,'Mario','Civil Engineering','POINT(22,36)','Muzaffarnagar ','UTTAR PRADESH','2003-10-19','email325','BARKER'),(326,'Max','Computer Science & Engineering','POINT(22,36)','Muzaffarpur ','BIHAR','2004-03-14','email326','NORRIS'),(327,'Maxwell','Earth Sciences','POINT(22,36)','Mysore ','KARNATAKA','2004-07-27','email327','VAUGHN'),(328,'Mitchell','Electrical Engineering','POINT(22,36)','Nabadwip ','WEST BENGAL','2004-10-03','email328','VAZQUEZ'),(329,'Morris','Energy Science and Engineering','POINT(22,36)','Nadiad ','GUJARAT','2004-10-05','email329','HOLT'),(330,'Nathaniel','Humanities & Social Science','POINT(22,36)','Nagaon ','ASSAM','2004-11-16','email330','SCHWARTZ'),(331,'Naveed','Mathematics','POINT(22,36)','Nagapattinam ','TAMIL NADU','2005-03-01','email331','STEELE'),(332,'Neville','Mechanical Engineering','POINT(22,36)','Nagaur ','RAJASTHAN','2005-08-21','email332','BENSON'),(333,'Nickolas','Metallurgical Engineering & Materials Science','POINT(22,36)','Nagda ','MADHYA PRADESH','2005-10-18','email333','NEAL'),(334,'Piers','Physics','POINT(22,36)','Nagercoil ','TAMIL NADU','2006-01-10','email334','DOMINGUEZ'),(335,'Quentin','Industrial Design Centre','POINT(22,36)','Nagpur ','MAHARASHTRA','2006-02-19','email335','HORTON'),(336,'Rennie','Application Software Centre (ASC)','POINT(22,36)','Naihati ','WEST BENGAL','2006-04-02','email336','TERRY'),(339,'Roberto','Computer Centre (CC)','POINT(22,36)','Nandurbar ','MAHARASHTRA','2006-08-29','email339','LYONS'),(342,'Stefano','Centre for Policy Studies (CPS)','POINT(22,36)','Narasaraopet ','ANDHRA PRADESH','2008-04-27','email342','MILES'),(347,'Adnan','Centre for Entrepreneurship (DSCE)','POINT(22,36)','Neemuch ','MADHYA PRADESH','2010-05-17','email347','THORNTON'),(348,'Aeneas','ABC-EDS Research Academy','POINT(22,36)','Nellore ','ANDHRA PRADESH','2010-05-24','email348','MCCARTHY'),(351,'Ajay','National Centre for Mathematics (NCM)','POINT(22,36)','Nizamabad ','ANDHRA PRADESH','2011-03-14','email351','ERICKSON'),(352,'Alessandro','Center for Learning and Teaching (PPCCLT)','POINT(22,36)','Noida ','UTTAR PRADESH','2011-05-01','email352','FLETCHER'),(354,'Anderson','Technology and Design (TCTD)','POINT(22,36)','North Dum Dum ','WEST BENGAL','2011-12-18','email354','PAGE'),(355,'Andre','Centre for Bioengineering (WRCB)','POINT(22,36)','Ongole ','ANDHRA PRADESH','2012-01-16','email355','DAWSON'),(356,'Ashok','School of Management','POINT(22,36)','Orai ','UTTAR PRADESH','2012-03-05','email356','JOSEPH'),(357,'Asif','Climate Studies','POINT(22,36)','Osmanabad ','MAHARASHTRA','2012-08-19','email357','MARQUEZ'),(358,'Atholl','Educational Technology','POINT(22,36)','Ozhukarai ','PUDUCHERRY','2013-04-15','email358','REEVES'),(360,'Brandon','Systems and Control Engineering','POINT(22,36)','Palanpur ','GUJARAT','2014-05-05','email360','ESPINOZA'),(361,'Brydon','Aerospace Engineering','POINT(22,36)','Pali ','RAJASTHAN','2014-11-03','email361','BALDWIN'),(362,'Bryn','Biosciences and Bioengineering','POINT(22,36)','Pallavaram ','TAMIL NADU','2015-03-29','email362','MORAN'),(363,'Caine','Chemical Engineering','POINT(22,36)','Palwal ','HARYANA','2015-08-23','email363','LOVE'),(364,'Calvin','Chemistry','POINT(22,36)','Panchkula ','HARYANA','2015-09-20','email364','ROBBINS'),(365,'Carlo','Civil Engineering','POINT(22,36)','Panihati ','WEST BENGAL','2015-10-25','email365','HIGGINS'),(366,'Ceri','Computer Science & Engineering','POINT(22,36)','Panipat ','HARYANA','2016-01-11','email366','BALL'),(367,'Chris','Earth Sciences','POINT(22,36)','Panvel ','MAHARASHTRA','2016-01-12','email367','CORTEZ'),(368,'Christien','Electrical Engineering','POINT(22,36)','Parbhani ','MAHARASHTRA','2016-01-24','email368','LE'),(369,'Claudio','Energy Science and Engineering','POINT(22,36)','Patan ','GUJARAT','2016-05-22','email369','GRIFFITH'),(370,'Clayton','Humanities & Social Science','POINT(22,36)','Pathankot ','PUNJAB','2016-09-25','email370','BOWEN'),(371,'Clint','Mathematics','POINT(22,36)','Patiala ','PUNJAB','2017-01-09','email371','SHARP'),(372,'Connell','Mechanical Engineering','POINT(22,36)','Patna ','BIHAR','2017-04-02','email372','CUMMINGS'),(373,'Cyril','Metallurgical Engineering & Materials Science','POINT(22,36)','Pilibhit ','UTTAR PRADESH','2017-04-30','email373','RAMSEY'),(374,'Damion','Physics','POINT(22,36)','Pimpri Chinchwad ','MAHARASHTRA','2017-05-02','email374','HARDY'),(375,'Darin','Industrial Design Centre','POINT(22,36)','Pithampur ','MADHYA PRADESH','2017-07-07','email375','SWANSON'),(376,'Dario','Application Software Centre (ASC)','POINT(22,36)','Porbandar ','GUJARAT','2017-07-23','email376','BARBER'),(379,'Dirk','Computer Centre (CC)','POINT(22,36)','Puducherry ','PUDUCHERRY','2017-12-17','email379','CHANDLER'),(382,'Eamonn','Centre for Policy Studies (CPS)','POINT(22,36)','Puri ','ORISSA','2018-04-08','email382','CROSS'),(387,'Eoghan','Centre for Entrepreneurship (DSCE)','POINT(22,36)','Raiganj ','WEST BENGAL','2019-01-29','email387','GROSS'),(388,'Erlend','ABC-EDS Research Academy','POINT(22,36)','Raigarh ','CHHATTISGARH','2019-03-05','email388','NAVARRO'),(391,'Geoff','National Centre for Mathematics (NCM)','POINT(22,36)','Rajapalayam ','TAMIL NADU','2019-06-23','email391','DOYLE'),(392,'Gerrard','Center for Learning and Teaching (PPCCLT)','POINT(22,36)','Rajarhat Gopalpur ','WEST BENGAL','2019-07-14','email392','MCLAUGHLIN'),(394,'Giancarlo','Technology and Design (TCTD)','POINT(22,36)','Rajnandgaon ','CHHATTISGARH','2019-12-26','email394','RODGERS'),(395,'Gidon','Centre for Bioengineering (WRCB)','POINT(22,36)','Rajpur Sonarpur ','WEST BENGAL','2020-05-25','email395','STEVENSON'),(396,'Grierson','School of Management','POINT(22,36)','Ramagundam ','ANDHRA PRADESH','2016-09-11','email396','SINGH'),(397,'Hamilton','Climate Studies','POINT(22,36)','Rampur ','UTTAR PRADESH','2016-12-04','email397','YANG'),(398,'Hans','Educational Technology','POINT(22,36)','Ranchi ','JHARKHAND','2017-02-12','email398','FIGUEROA'),(400,'Howard','Systems and Control Engineering','POINT(22,36)','Raniganj ','WEST BENGAL','2017-04-02','email400','NEWTON'),(401,'Irvine','Aerospace Engineering','POINT(22,36)','Ratlam ','MADHYA PRADESH','2017-08-20','email401','PAUL'),(402,'Jaimie','Biosciences and Bioengineering','POINT(22,36)','Raurkela Industrial Township ','ORISSA','2017-11-14','email402','MANNING'),(403,'Jarad','Chemical Engineering','POINT(22,36)','Raurkela Town ','ORISSA','2018-04-10','email403','GARNER'),(404,'Jayson','Chemistry','POINT(22,36)','Rewa ','MADHYA PRADESH','2018-08-19','email404','MCGEE'),(405,'Jean','Civil Engineering','POINT(22,36)','Rewari ','HARYANA','2018-09-16','email405','REESE'),(406,'Jeff','Computer Science & Engineering','POINT(22,36)','Rishra ','WEST BENGAL','2018-12-16','email406','FRANCIS'),(407,'Jerome','Earth Sciences','POINT(22,36)','Robertson Pet ','KARNATAKA','2019-03-26','email407','BURGESS'),(408,'Joel','Electrical Engineering','POINT(22,36)','Rohtak ','HARYANA','2019-04-08','email408','ADKINS'),(409,'Jude','Energy Science and Engineering','POINT(22,36)','Roorkee ','UTTARAKHAND','2019-05-19','email409','GOODMAN'),(410,'Kane','Humanities & Social Science','POINT(22,36)','Rudrapur ','UTTARAKHAND','2019-05-19','email410','CURRY'),(411,'Karan','Mathematics','POINT(22,36)','S.A.S. Nagar ','PUNJAB','2019-10-06','email411','BRADY'),(412,'Karim','Mechanical Engineering','POINT(22,36)','Sagar ','MADHYA PRADESH','2019-10-11','email412','CHRISTENSEN'),(413,'Kashif','Metallurgical Engineering & Materials Science','POINT(22,36)','Saharanpur ','UTTAR PRADESH','1963-04-11','email413','POTTER'),(414,'Keiran','Physics','POINT(22,36)','Saharsa ','BIHAR','1963-05-17','email414','WALTON'),(415,'Kendon','Industrial Design Centre','POINT(22,36)','Salem ','TAMIL NADU','1971-01-18','email415','GOODWIN'),(416,'Kent','Application Software Centre (ASC)','POINT(22,36)','Sambalpur ','ORISSA','1971-02-08','email416','MULLINS'),(419,'Lauchlan','Computer Centre (CC)','POINT(22,36)','Santipur ','WEST BENGAL','1977-04-30','email419','FISCHER'),(422,'Lindsey','Centre for Policy Studies (CPS)','POINT(22,36)','Satna ','MADHYA PRADESH','1979-12-17','email422','SHERMAN'),(427,'Mervyn','Centre for Entrepreneurship (DSCE)','POINT(22,36)','Serampore ','WEST BENGAL','1988-03-27','email427','WOLF'),(428,'Michel','ABC-EDS Research Academy','POINT(22,36)','Shahjahanpur ','UTTAR PRADESH','1989-04-02','email428','HODGES'),(431,'Murdoch','National Centre for Mathematics (NCM)','POINT(22,36)','Shillong ','MEGHALAYA','1991-03-24','email431','FARMER'),(432,'Nathanael','Center for Learning and Teaching (PPCCLT)','POINT(22,36)','Shimla ','HIMACHAL PRADESH','1991-11-27','email432','HINES'),(434,'Nickie','Technology and Design (TCTD)','POINT(22,36)','Shivpuri ','MADHYA PRADESH','1992-01-19','email434','DURAN'),(435,'Nicky','Centre for Bioengineering (WRCB)','POINT(22,36)','Sikar ','RAJASTHAN','1992-04-05','email435','HUBBARD'),(436,'Nikki','School of Management','POINT(22,36)','Silchar ','ASSAM','1992-09-01','email436','CANNON'),(437,'Nikolas','Climate Studies','POINT(22,36)','Siliguri ','WEST BENGAL','1992-10-12','email437','MIRANDA'),(438,'Paolo','Educational Technology','POINT(22,36)','Singrauli ','MADHYA PRADESH','1993-04-04','email438','WANG'),(440,'Ranald','Systems and Control Engineering','POINT(22,36)','Sitapur ','UTTAR PRADESH','1993-06-13','email440','TATE'),(441,'Rehan','Aerospace Engineering','POINT(22,36)','Siwan ','BIHAR','1994-03-20','email441','MACK'),(442,'Ricky','Biosciences and Bioengineering','POINT(22,36)','Solapur ','MAHARASHTRA','1994-11-23','email442','HAMMOND'),(443,'Rikki','Chemical Engineering','POINT(22,36)','Sonipat ','HARYANA','1994-11-26','email443','CARRILLO'),(444,'Ritchie','Chemistry','POINT(22,36)','South Dum Dum ','WEST BENGAL','1995-11-19','email444','TOWNSEND'),(445,'Rizwan','Civil Engineering','POINT(22,36)','Srikakulam ','ANDHRA PRADESH','1996-03-31','email445','WISE'),(446,'Robertson','Computer Science & Engineering','POINT(22,36)','Srinagar ','JAMMU & KASHMIR','1996-11-17','email446','INGRAM'),(447,'Roderic','Earth Sciences','POINT(22,36)','Sujangarh ','RAJASTHAN','1997-01-19','email447','BARTON'),(448,'Rolf','Electrical Engineering','POINT(22,36)','Sultan Pur Majra ','NCT OF DELHI','1997-02-16','email448','MEJIA'),(449,'Ronan','Energy Science and Engineering','POINT(22,36)','Sultanpur ','UTTAR PRADESH','1997-02-17','email449','AYALA'),(450,'Rowland','Humanities & Social Science','POINT(22,36)','Surat ','GUJARAT','1997-03-23','email450','SCHROEDER'),(451,'Sam','Mathematics','POINT(22,36)','Surendranagar Dudhrej ','GUJARAT','1997-08-03','email451','HAMPTON'),(452,'Scotland','Mechanical Engineering','POINT(22,36)','Suryapet ','ANDHRA PRADESH','1997-11-09','email452','ROWE'),(453,'Seth','Metallurgical Engineering & Materials Science','POINT(22,36)','Tadepalligudem ','ANDHRA PRADESH','1998-03-29','email453','PARSONS'),(454,'Shahid','Physics','POINT(22,36)','Tadpatri ','ANDHRA PRADESH','1998-06-28','email454','FRANK'),(455,'Shakeel','Industrial Design Centre','POINT(22,36)','Tambaram ','TAMIL NADU','1998-06-29','email455','WATERS'),(456,'Sidney','Application Software Centre (ASC)','POINT(22,36)','Tenali ','ANDHRA PRADESH','1998-11-15','email456','STRICKLAND'),(459,'Taylor','Computer Centre (CC)','POINT(22,36)','Thanjavur ','TAMIL NADU','1999-01-26','email459','CHAN'),(462,'Travis','Centre for Policy Studies (CPS)','POINT(22,36)','Thrissur ','KERALA','1999-05-23','email462','HARRINGTON'),(467,'Waseem','Centre for Entrepreneurship (DSCE)','POINT(22,36)','Tiruvannamalai ','TAMIL NADU','1999-09-26','email467','MUELLER'),(468,'Wei','ABC-EDS Research Academy','POINT(22,36)','Tiruvottiyur ','TAMIL NADU','1999-11-14','email468','GLOVER'),(471,'Zak','National Centre for Mathematics (NCM)','POINT(22,36)','Tumkur ','KARNATAKA','2000-05-21','email471','BUCHANAN'),(472,'Aamir','Center for Learning and Teaching (PPCCLT)','POINT(22,36)','Udaipur ','RAJASTHAN','2000-06-25','email472','COBB'),(474,'Abdulrazak','Technology and Design (TCTD)','POINT(22,36)','Udupi ','KARNATAKA','2001-02-25','email474','KRAMER'),(475,'Abraham','Centre for Bioengineering (WRCB)','POINT(22,36)','Ujjain ','MADHYA PRADESH','2001-04-01','email475','MCCORMICK'),(476,'Adebayo','School of Management','POINT(22,36)','Ulhasnagar ','MAHARASHTRA','2001-09-23','email476','CLARKE'),(477,'Adel','Climate Studies','POINT(22,36)','Uluberia ','WEST BENGAL','2001-10-08','email477','TYLER'),(478,'Adrain','Educational Technology','POINT(22,36)','Unnao ','UTTAR PRADESH','2001-12-09','email478','GIBBS'),(480,'Ahmad','Systems and Control Engineering','POINT(22,36)','Vadodara ','GUJARAT','2002-04-21','email480','CONNER'),(481,'Ahmed','Aerospace Engineering','POINT(22,36)','Valsad ','GUJARAT','2002-05-19','email481','SPARKS'),(482,'Aidon','Biosciences and Bioengineering','POINT(22,36)','Varanasi ','UTTAR PRADESH','2002-07-21','email482','MCGUIRE'),(483,'Ajeet','Chemical Engineering','POINT(22,36)','Vasai Virar City ','MAHARASHTRA','2002-08-25','email483','LEON'),(484,'Al-Motamid','Chemistry','POINT(22,36)','Vellore ','TAMIL NADU','2002-11-17','email484','BAUER'),(485,'Alaistair','Civil Engineering','POINT(22,36)','Veraval ','GUJARAT','2002-12-15','email485','NORTON'),(486,'Alberto','Computer Science & Engineering','POINT(22,36)','Vidisha ','MADHYA PRADESH','2003-03-30','email486','POPE'),(487,'Aldo','Earth Sciences','POINT(22,36)','Vijayawada ','ANDHRA PRADESH','2003-07-27','email487','FLYNN'),(488,'Aldous','Electrical Engineering','POINT(22,36)','Visakhapatnam','ANDHRA PRADESH','2003-09-16','email488','HOGAN'),(489,'Alen','Energy Science and Engineering','POINT(22,36)','Vizianagaram ','ANDHRA PRADESH','2004-02-15','email489','ROBLES'),(490,'Alexandre','Humanities & Social Science','POINT(22,36)','Warangal ','ANDHRA PRADESH','2004-06-27','email490','SALINAS'),(491,'Alfredo','Mathematics','POINT(22,36)','Wardha ','MAHARASHTRA','2005-04-03','email491','YATES'),(492,'Alisteir','Mechanical Engineering','POINT(22,36)','Yamunanagar ','HARYANA','2006-01-08','email492','LINDSEY'),(493,'Allon','Metallurgical Engineering & Materials Science','POINT(22,36)','Yavatmal ','MAHARASHTRA','2006-01-29','email493','LLOYD'),(494,'Alton','Physics','POINT(22,36)','Abohar ','MADHYA PRADESH','2006-06-11','email494','MARSH'),(495,'Alwyn','Industrial Design Centre','POINT(22,36)','Achalpur ','KARNATAKA','2006-07-03','email495','MCBRIDE'),(496,'Aman','Application Software Centre (ASC)','POINT(22,36)','Adilabad ','KARNATAKA','2006-09-17','email496','OWEN'),(499,'Amir','Computer Centre (CC)','POINT(22,36)','Agartala ','UTTAR PRADESH','2007-10-07','email499','LANG'),(502,'Amos','Centre for Policy Studies (CPS)','POINT(22,36)','Ahmadnagar ','MAHARASHTRA','2008-12-14','email502','BROCK'),(507,'Anastasios','Centre for Entrepreneurship (DSCE)','POINT(22,36)','Alandur ','UTTAR PRADESH','2009-06-15','email507','ROMAN'),(508,'Andres','ABC-EDS Research Academy','POINT(22,36)','Alappuzha ','MADHYA PRADESH','2009-09-13','email508','AGUIRRE'),(511,'Anil','National Centre for Mathematics (NCM)','POINT(22,36)','Alwar ','UTTAR PRADESH','2009-12-13','email511','LAMB'),(512,'Anjam','Center for Learning and Teaching (PPCCLT)','POINT(22,36)','Ambala ','PUNJAB','2010-02-21','email512','PACHECO'),(514,'Ann','Technology and Design (TCTD)','POINT(22,36)','Ambarnath ','MADHYA PRADESH','2010-03-28','email514','COCHRAN'),(515,'Antonius','Centre for Bioengineering (WRCB)','POINT(22,36)','Ambattur ','NCT OF DELHI','2010-06-20','email515','SHEPHERD'),(516,'Anwar','School of Management','POINT(22,36)','Ambikapur ','UTTAR PRADESH','2010-09-19','email516','CAIN'),(517,'Aonghas','Climate Studies','POINT(22,36)','Ambur ','BIHAR','2010-11-22','email517','BURNETT'),(518,'Aonghus','Educational Technology','POINT(22,36)','Amravati ','KARNATAKA','2011-05-01','email518','HESS'),(520,'Ardene','Systems and Control Engineering','POINT(22,36)','Amritsar ','GUJARAT','2011-07-25','email520','CERVANTES'),(521,'Ardle','Aerospace Engineering','POINT(22,36)','Amroha ','ASSAM','2011-07-25','email521','OLSEN'),(522,'Ari','Biosciences and Bioengineering','POINT(22,36)','Anand ','TAMIL NADU','2011-08-14','email522','BRIGGS'),(523,'Arif','Chemical Engineering','POINT(22,36)','Anantapur ','RAJASTHAN','2011-08-14','email523','OCHOA'),(524,'Arlyn','Chemistry','POINT(22,36)','Anantnag ','MADHYA PRADESH','2011-09-18','email524','CABRERA'),(525,'Armando','Civil Engineering','POINT(22,36)','Arrah ','TAMIL NADU','2011-10-02','email525','VELASQUEZ'),(526,'Armond','Computer Science & Engineering','POINT(22,36)','Asansol ','MAHARASHTRA','2011-11-20','email526','MONTOYA'),(527,'Arne','Earth Sciences','POINT(22,36)','Ashoknagar Kalyangarh ','WEST BENGAL','2013-01-27','email527','ROTH'),(528,'Arnout','Electrical Engineering','POINT(22,36)','Aurangabad ','ANDHRA PRADESH','2013-04-07','email528','MEYERS'),(529,'Arol','Energy Science and Engineering','POINT(22,36)','Aurangabad ','MAHARASHTRA','2013-08-18','email529','CARDENAS'),(530,'Aron','Humanities & Social Science','POINT(22,36)','Avadi ','MAHARASHTRA','2013-08-18','email530','FUENTES'),(531,'Aroon','Mathematics','POINT(22,36)','Azamgarh ','ANDHRA PRADESH','2013-09-15','email531','WEISS'),(532,'Arshid','Mechanical Engineering','POINT(22,36)','Badlapur ','NCT OF DELHI','2013-10-27','email532','HOOVER'),(533,'Arvid','Metallurgical Engineering & Materials Science','POINT(22,36)','Bagaha ','ANDHRA PRADESH','2014-04-06','email533','WILKINS'),(534,'Arvind','Physics','POINT(22,36)','Bagalkot ','MAHARASHTRA','2014-06-29','email534','NICHOLSON'),(535,'Asa','Industrial Design Centre','POINT(22,36)','Bahadurgarh ','MAHARASHTRA','2014-08-17','email535','UNDERWOOD'),(536,'Asad','Application Software Centre (ASC)','POINT(22,36)','Baharampur ','MAHARASHTRA','2015-03-29','email536','SHORT'),(539,'Ashiqhusein','Computer Centre (CC)','POINT(22,36)','Baleshwar Town ','ANDHRA PRADESH','2015-12-14','email539','COLON'),(542,'Athol','Centre for Policy Studies (CPS)','POINT(22,36)','Bally City','ANDHRA PRADESH','2016-06-19','email542','BRYAN'),(547,'Azzam','Centre for Entrepreneurship (DSCE)','POINT(22,36)','Banswara ','UTTAR PRADESH','2017-04-02','email547','CAREY'),(548,'Balfour','ABC-EDS Research Academy','POINT(22,36)','Baran ','MAHARASHTRA','2017-05-21','email548','CLAYTON'),(551,'Barnabas','National Centre for Mathematics (NCM)','POINT(22,36)','Baraut ','GUJARAT','2019-04-07','email551','GALLEGOS'),(552,'Barron','Center for Learning and Teaching (PPCCLT)','POINT(22,36)','Barddhaman ','RAJASTHAN','2019-10-04','email552','GREER'),(554,'Basil','Technology and Design (TCTD)','POINT(22,36)','Baripada Town ','HARYANA','1956-09-18','email554','GUERRA'),(555,'Bassam','Centre for Bioengineering (WRCB)','POINT(22,36)','Barnala ','HARYANA','1966-09-17','email555','DECKER'),(556,'Bayne','School of Management','POINT(22,36)','Barrackpur ','WEST BENGAL','1966-10-03','email556','COLLIER'),(557,'Ben-John','Climate Studies','POINT(22,36)','Barshi ','HARYANA','1968-03-10','email557','WALL'),(558,'Bengiman','Educational Technology','POINT(22,36)','Basirhat ','MAHARASHTRA','1968-04-02','email558','WHITAKER'),(560,'Bernardo','Systems and Control Engineering','POINT(22,36)','Batala ','GUJARAT','1975-05-31','email560','FLOWERS'),(561,'Bevan','Aerospace Engineering','POINT(22,36)','Bathinda ','PUNJAB','1978-10-08','email561','DAVENPORT'),(562,'Bill','Biosciences and Bioengineering','POINT(22,36)','Beawar ','PUNJAB','1978-10-10','email562','CONLEY'),(563,'Bllal','Chemical Engineering','POINT(22,36)','Begusarai ','BIHAR','1984-07-23','email563','HOUSTON'),(564,'Blythe','Chemistry','POINT(22,36)','Belgaum ','UTTAR PRADESH','1985-02-18','email564','HUFF'),(565,'Bobby','Civil Engineering','POINT(22,36)','Bellary ','MAHARASHTRA','1985-03-31','email565','COPELAND'),(566,'Brad','Computer Science & Engineering','POINT(22,36)','Bengaluru','MADHYA PRADESH','1985-11-25','email566','HOOD'),(567,'Brant','Earth Sciences','POINT(22,36)','Bettiah ','GUJARAT','1986-07-03','email567','MONROE'),(568,'Brook','Electrical Engineering','POINT(22,36)','Betul ','ANDAMAN & NICOBAR ISLANDS','1986-07-09','email568','MASSEY'),(569,'Bryden','Energy Science and Engineering','POINT(22,36)','Bhadrak ','ANDHRA PRADESH','1987-07-24','email569','ROBERSON'),(570,'Byram','Humanities & Social Science','POINT(22,36)','Bhadravati ','PUDUCHERRY','1988-10-07','email570','COMBS'),(571,'Byron','Mathematics','POINT(22,36)','Bhadreswar ','TAMIL NADU','1993-12-13','email571','FRANCO'),(572,'Caleb','Mechanical Engineering','POINT(22,36)','Bhagalpur ','MAHARASHTRA','1994-11-20','email572','LARSEN'),(573,'Callam','Metallurgical Engineering & Materials Science','POINT(22,36)','Bhalswa Jahangir Pur ','ORISSA','1995-04-03','email573','PITTMAN'),(574,'Carey','Physics','POINT(22,36)','Bharatpur ','BIHAR','1995-08-27','email574','RANDALL'),(575,'Carol','Industrial Design Centre','POINT(22,36)','Bharuch ','WEST BENGAL','1995-10-23','email575','SKINNER'),(576,'Carreen','Application Software Centre (ASC)','POINT(22,36)','Bhatpara ','UTTAR PRADESH','1995-10-24','email576','WILKINSON'),(579,'Cathorne','Computer Centre (CC)','POINT(22,36)','Bhilwara ','CHHATTISGARH','1995-10-27','email579','BRIDGES'),(582,'Che','Centre for Policy Studies (CPS)','POINT(22,36)','Bhiwadi ','TAMIL NADU','1995-10-30','email582','KIRK'),(587,'Christie','Centre for Entrepreneurship (DSCE)','POINT(22,36)','Bhuj ','ANDHRA PRADESH','1995-11-04','email587','BOONE'),(588,'Christos','ABC-EDS Research Academy','POINT(22,36)','Bhusawal ','UTTAR PRADESH','2001-04-01','email588','ABBOTT'),(591,'Churnthoor','National Centre for Mathematics (NCM)','POINT(22,36)','Bidhan Nagar ','WEST BENGAL','2002-05-13','email591','SWEENEY'),(592,'Ciaran','Center for Learning and Teaching (PPCCLT)','POINT(22,36)','Biharsharif ','MADHYA PRADESH','2002-06-23','email592','ATKINSON'),(594,'Ciobhan','Technology and Design (TCTD)','POINT(22,36)','Bikaner ','ORISSA','2002-11-17','email594','JEFFERSON'),(595,'Claus','Centre for Bioengineering (WRCB)','POINT(22,36)','Bilaspur ','MADHYA PRADESH','2003-03-30','email595','ROSALES'),(596,'Cliff','School of Management','POINT(22,36)','Bokaro Steel City ','HARYANA','2003-04-27','email596','YORK'),(597,'Clinton','Climate Studies','POINT(22,36)','Bongaon ','WEST BENGAL','2003-06-30','email597','CHRISTIAN'),(598,'Colan','Educational Technology','POINT(22,36)','Botad ','KARNATAKA','2003-07-28','email598','PHELPS'),(600,'Collin','Systems and Control Engineering','POINT(22,36)','Budaun ','UTTARAKHAND','2004-06-13','email600','CASTANEDA'),(601,'Colum','Aerospace Engineering','POINT(22,36)','Bulandshahr ','UTTARAKHAND','2004-12-06','email601','NASH'),(602,'Con','Biosciences and Bioengineering','POINT(22,36)','Bundi ','PUNJAB','2005-01-09','email602','DICKERSON'),(603,'Connor','Chemical Engineering','POINT(22,36)','Burari ','MADHYA PRADESH','2006-04-02','email603','BOND'),(604,'Corey','Chemistry','POINT(22,36)','Burhanpur ','UTTAR PRADESH','2006-08-14','email604','WYATT'),(605,'Corin','Civil Engineering','POINT(22,36)','Buxar ','BIHAR','2006-09-17','email605','FOLEY'),(606,'Cormac','Computer Science & Engineering','POINT(22,36)','Champdani ','TAMIL NADU','2006-11-05','email606','CHASE'),(607,'Corren','Earth Sciences','POINT(22,36)','Chandannagar ','ORISSA','2006-11-26','email607','GATES'),(608,'Cowan','Electrical Engineering','POINT(22,36)','Chandausi ','UTTAR PRADESH','2007-02-19','email608','VINCENT'),(609,'Craige','Energy Science and Engineering','POINT(22,36)','Chandigarh ','MAHARASHTRA','2007-04-24','email609','MATHEWS'),(610,'Cullen','Humanities & Social Science','POINT(22,36)','Chandrapur ','WEST BENGAL','2007-04-24','email610','HODGE'),(611,'Daiman','Mathematics','POINT(22,36)','Chapra ','BIHAR','2007-06-24','email611','GARRISON'),(612,'Daljit','Mechanical Engineering','POINT(22,36)','Chas ','MAHARASHTRA','2007-10-07','email612','TREVINO'),(613,'Dall','Metallurgical Engineering & Materials Science','POINT(22,36)','Chennai ','MADHYA PRADESH','2008-04-14','email613','VILLARREAL'),(614,'Dameon','Physics','POINT(22,36)','Chhattarpur ','RAJASTHAN','2008-08-17','email614','HEATH'),(615,'Damyon','Industrial Design Centre','POINT(22,36)','Chhindwara ','ANDHRA PRADESH','2009-01-25','email615','DALTON'),(616,'Danga','Application Software Centre (ASC)','POINT(22,36)','Chikmagalur ','MADHYA PRADESH','2009-06-28','email616','VALENCIA'),(619,'Daron','Computer Centre (CC)','POINT(22,36)','Chittaurgarh ','UTTAR PRADESH','2010-04-25','email619','ATKINS'),(622,'Darryll','Centre for Policy Studies (CPS)','POINT(22,36)','Coimbatore ','MEGHALAYA','2016-07-25','email622','BOYER'),(627,'Davud','Centre for Entrepreneurship (DSCE)','POINT(22,36)','Damoh ','ASSAM','2016-12-18','email627','GLENN'),(628,'Davyd','ABC-EDS Research Academy','POINT(22,36)','Darbhanga ','WEST BENGAL','2017-02-13','email628','CLINE'),(631,'Del','National Centre for Mathematics (NCM)','POINT(22,36)','Davanagere ','UTTAR PRADESH','2017-08-28','email631','DILLON'),(632,'Dell','Center for Learning and Teaching (PPCCLT)','POINT(22,36)','Deesa ','BIHAR','2018-04-08','email632','PARRISH'),(634,'Dermot','Technology and Design (TCTD)','POINT(22,36)','Dehri ','HARYANA','2018-08-19','email634','MELTON'),(635,'Derry','Centre for Bioengineering (WRCB)','POINT(22,36)','Delhi ','WEST BENGAL','2019-04-08','email635','BOOTH'),(636,'Derryl','School of Management','POINT(22,36)','Delhi Cantonment ','ANDHRA PRADESH','1975-01-01','email636','KANE'),(637,'Derryn','Climate Studies','POINT(22,36)','Deoghar ','JAMMU & KASHMIR','1975-07-03','email637','BERG'),(638,'Diarmid','Educational Technology','POINT(22,36)','Deoli ','RAJASTHAN','1975-11-09','email638','HARRELL'),(640,'Dick','Systems and Control Engineering','POINT(22,36)','Dewas ','UTTAR PRADESH','1976-03-13','email640','SAVAGE'),(641,'Diego','Aerospace Engineering','POINT(22,36)','Dhanbad ','GUJARAT','1976-10-16','email641','WIGGINS'),(642,'Dino','Biosciences and Bioengineering','POINT(22,36)','Dharmavaram ','GUJARAT','1976-11-28','email642','BRENNAN'),(643,'Dion','Chemical Engineering','POINT(22,36)','Dhaulpur ','ANDHRA PRADESH','1976-12-09','email643','SALAS'),(644,'Dolan','Chemistry','POINT(22,36)','Dhule ','ANDHRA PRADESH','1976-12-15','email644','MARKS'),(645,'Domenico','Civil Engineering','POINT(22,36)','Dibrugarh ','ANDHRA PRADESH','1977-07-07','email645','RUSSO'),(646,'Domenyk','Computer Science & Engineering','POINT(22,36)','Dimapur ','TAMIL NADU','1977-07-29','email646','SAWYER'),(647,'Donn','Earth Sciences','POINT(22,36)','Dinapur Nizamat ','ANDHRA PRADESH','1977-10-21','email647','BAXTER'),(648,'Donnie','Electrical Engineering','POINT(22,36)','Dindigul ','MAHARASHTRA','1978-01-01','email648','GOLDEN'),(649,'Donny','Energy Science and Engineering','POINT(22,36)','Dum Dum ','HARYANA','1978-03-19','email649','HUTCHINSON'),(650,'Dorian','Humanities & Social Science','POINT(22,36)','Durg ','TAMIL NADU','1978-04-09','email650','LIU'),(651,'Dorino','Mathematics','POINT(22,36)','Durgapur ','KERALA','1978-12-17','email651','WALTER'),(652,'Dougal','Mechanical Engineering','POINT(22,36)','Eluru ','TAMIL NADU','1979-04-01','email652','MCDOWELL'),(653,'Dowell','Metallurgical Engineering & Materials Science','POINT(22,36)','English Bazar ','KERALA','1979-09-01','email653','WILEY'),(654,'Duane','Physics','POINT(22,36)','Erode ','TAMIL NADU','1980-04-19','email654','RICH'),(655,'Dugald','Industrial Design Centre','POINT(22,36)','Etah ','TAMIL NADU','1980-07-26','email655','HUMPHREY'),(656,'Dulip','Application Software Centre (ASC)','POINT(22,36)','Etawah ','ANDHRA PRADESH','1980-11-24','email656','JOHNS'),(659,'Ean','Computer Centre (CC)','POINT(22,36)','Farrukhabad-cum-Fatehgarh ','TAMIL NADU','1981-10-04','email659','HOBBS'),(662,'Edoardino','Centre for Policy Studies (CPS)','POINT(22,36)','Firozpur ','KARNATAKA','1982-08-22','email662','IBARRA'),(667,'Elgin','Centre for Entrepreneurship (DSCE)','POINT(22,36)','Gangapur City ','MAHARASHTRA','1984-04-21','email667','WARE'),(668,'Ellis','ABC-EDS Research Academy','POINT(22,36)','Gangawati ','WEST BENGAL','1984-06-24','email668','STEPHENSON'),(671,'Emran','National Centre for Mathematics (NCM)','POINT(22,36)','Giridih ','GUJARAT','1985-07-21','email671','DYER'),(672,'Emrys','Center for Learning and Teaching (PPCCLT)','POINT(22,36)','Godhra ','GUJARAT','1985-11-28','email672','MCCLURE'),(674,'Erkan','Technology and Design (TCTD)','POINT(22,36)','Gonda ','MAHARASHTRA','1987-07-11','email674','MERCADO'),(675,'Erl','Centre for Bioengineering (WRCB)','POINT(22,36)','Gondal ','TAMIL NADU','1987-11-26','email675','TANNER'),(676,'Ernest','School of Management','POINT(22,36)','Gondiya ','GUJARAT','1988-05-13','email676','EATON'),(677,'Erwin','Climate Studies','POINT(22,36)','Gorakhpur ','MADHYA PRADESH','1989-02-20','email677','CLAY'),(678,'Esmond','Educational Technology','POINT(22,36)','Greater Hyderabad ','ANDHRA PRADESH','1989-05-07','email678','BARRON'),(680,'Fabio','Systems and Control Engineering','POINT(22,36)','Greater Noida ','ANDHRA PRADESH','1990-10-27','email680','ONEAL'),(681,'Feargus','Aerospace Engineering','POINT(22,36)','Gudivada ','ANDHRA PRADESH','1990-12-16','email681','PRESTON'),(682,'Felix','Biosciences and Bioengineering','POINT(22,36)','Gulbarga ','MAHARASHTRA','1991-08-25','email682','SMALL'),(683,'Ferzund','Chemical Engineering','POINT(22,36)','Guna ','MADHYA PRADESH','1991-11-19','email683','WU'),(684,'Finbar','Chemistry','POINT(22,36)','Guntakal ','KARNATAKA','1993-01-11','email684','ZAMORA'),(685,'Finley','Civil Engineering','POINT(22,36)','Guntur ','KARNATAKA','1993-08-30','email685','MACDONALD'),(686,'Fionn','Computer Science & Engineering','POINT(22,36)','Gurgaon ','JHARKHAND','1993-12-27','email686','VANCE'),(687,'Francesco','Earth Sciences','POINT(22,36)','Guwahati ','UTTAR PRADESH','1994-08-24','email687','SNOW'),(688,'Francisco','Electrical Engineering','POINT(22,36)','Gwalior ','UTTAR PRADESH','1994-09-18','email688','MCCLAIN'),(689,'Francois','Energy Science and Engineering','POINT(22,36)','Habra ','WEST BENGAL','1994-09-18','email689','STAFFORD'),(690,'Frankie','Humanities & Social Science','POINT(22,36)','Hajipur ','UTTAR PRADESH','1994-12-27','email690','OROZCO'),(691,'Frazier','Mathematics','POINT(22,36)','Haldia ','MAHARASHTRA','1995-06-18','email691','BARRY'),(692,'Fu','Mechanical Engineering','POINT(22,36)','Haldwani-cum-Kathgodam ','ANDHRA PRADESH','1995-11-13','email692','ENGLISH'),(693,'Gabriel','Metallurgical Engineering & Materials Science','POINT(22,36)','Halisahar ','UTTAR PRADESH','1995-12-27','email693','SHANNON'),(694,'Galen','Physics','POINT(22,36)','Hanumangarh ','UTTAR PRADESH','1996-01-29','email694','KLINE'),(695,'Gallvin','Industrial Design Centre','POINT(22,36)','Haora ','PUNJAB','1996-07-07','email695','JACOBSON'),(696,'Gardner','Application Software Centre (ASC)','POINT(22,36)','Hapur ','UTTAR PRADESH','1996-12-29','email696','WOODARD'),(699,'Gawad','Computer Centre (CC)','POINT(22,36)','Hassan ','BIHAR','1997-08-21','email699','MOSLEY'),(702,'Georgio','Centre for Policy Studies (CPS)','POINT(22,36)','Hazaribag ','BIHAR','1998-04-19','email702','HURST'),(707,'Gianni','Centre for Entrepreneurship (DSCE)','POINT(22,36)','Hoshangabad ','KARNATAKA','1998-10-26','email707','YODER'),(708,'Gillan','ABC-EDS Research Academy','POINT(22,36)','Hoshiarpur ','WEST BENGAL','1998-11-30','email708','MCCULLOUGH'),(711,'Gino','National Centre for Mathematics (NCM)','POINT(22,36)','Hubli-Dharwad ','TAMIL NADU','1999-04-11','email711','VALENZUELA'),(712,'Giovanni','Center for Learning and Teaching (PPCCLT)','POINT(22,36)','Hugli-Chinsurah ','RAJASTHAN','1999-07-05','email712','WINTERS'),(714,'Godfrey','Technology and Design (TCTD)','POINT(22,36)','Imphal ','TAMIL NADU','1999-09-12','email714','LEACH'),(715,'Grainger','Centre for Bioengineering (WRCB)','POINT(22,36)','Indore ','MAHARASHTRA','1999-10-24','email715','ORR'),(716,'Greggory','School of Management','POINT(22,36)','Jabalpur ','WEST BENGAL','1999-10-25','email716','BERGER'),(717,'Gren','Climate Studies','POINT(22,36)','Jagadhri ','ANDHRA PRADESH','1999-11-08','email717','MCKEE'),(718,'Grigor','Educational Technology','POINT(22,36)','Jagdalpur ','MAHARASHTRA','1999-12-19','email718','STRONG'),(720,'Gurbal','Systems and Control Engineering','POINT(22,36)','Jalandhar ','ANDHRA PRADESH','2000-01-17','email720','STEIN'),(721,'Gurchinchel','Aerospace Engineering','POINT(22,36)','Jalgaon ','NCT OF DELHI','2000-04-16','email721','WHITEHEAD'),(722,'Gurhimmat','Biosciences and Bioengineering','POINT(22,36)','Jalna ','ANDHRA PRADESH','2000-07-18','email722','BULLOCK'),(723,'Gurjeet','Chemical Engineering','POINT(22,36)','Jalpaiguri ','MAHARASHTRA','2000-09-22','email723','ESCOBAR'),(724,'Gurkimat','Chemistry','POINT(22,36)','Jamalpur ','MAHARASHTRA','2000-09-23','email724','KNOX'),(725,'Gurmeet','Civil Engineering','POINT(22,36)','Jammu ','MAHARASHTRA','2000-10-29','email725','MEADOWS'),(726,'Gurvinder','Computer Science & Engineering','POINT(22,36)','Jamnagar ','GUJARAT','2000-11-10','email726','SOLOMON'),(727,'Gustavus','Earth Sciences','POINT(22,36)','Jamshedpur ','MADHYA PRADESH','2000-11-26','email727','VELEZ'),(728,'Gwion','Electrical Engineering','POINT(22,36)','Jamuria ','ANDHRA PRADESH','2001-01-14','email728','ODONNELL'),(729,'Haitham','Energy Science and Engineering','POINT(22,36)','Jaunpur ','NCT OF DELHI','2001-02-05','email729','KERR'),(730,'Hani','Humanities & Social Science','POINT(22,36)','Jehanabad ','TAMIL NADU','2001-03-18','email730','STOUT'),(731,'Hardeep','Mathematics','POINT(22,36)','Jetpur Navagadh ','ANDHRA PRADESH','2001-07-24','email731','BLANKENSHIP'),(732,'Hassan','Mechanical Engineering','POINT(22,36)','Jhansi ','UTTAR PRADESH','2001-09-10','email732','BROWNING'),(733,'Hatim','Metallurgical Engineering & Materials Science','POINT(22,36)','Jhunjhunun ','WEST BENGAL','2001-09-23','email733','KENT'),(734,'Heather','Physics','POINT(22,36)','Jind ','WEST BENGAL','2001-10-22','email734','LOZANO'),(735,'Hedley','Industrial Design Centre','POINT(22,36)','Jodhpur ','ANDHRA PRADESH','2001-11-12','email735','BARTLETT'),(736,'Hilton','Application Software Centre (ASC)','POINT(22,36)','Junagadh ','UTTAR PRADESH','2003-07-27','email736','PRUITT'),(739,'Hoi-Yuen','Computer Centre (CC)','POINT(22,36)','Kakinada ','KERALA','2004-07-27','email739','GAINES'),(742,'Hui','Centre for Policy Studies (CPS)','POINT(22,36)','Kamarhati ','TAMIL NADU','2004-11-16','email742','MCINTYRE'),(747,'Ilya','Centre for Entrepreneurship (DSCE)','POINT(22,36)','Karaikkudi ','MAHARASHTRA','2006-02-19','email747','SEXTON'),(748,'Imeobong','ABC-EDS Research Academy','POINT(22,36)','Karawal Nagar ','MAHARASHTRA','2006-04-02','email748','MOON'),(751,'Isaac','National Centre for Mathematics (NCM)','POINT(22,36)','Kasganj ','PUNJAB','2006-08-29','email751','STARK'),(752,'Isabirye','Center for Learning and Teaching (PPCCLT)','POINT(22,36)','Kashipur ','BIHAR','2006-10-10','email752','LOWERY'),(754,'Islay','Technology and Design (TCTD)','POINT(22,36)','Khammam ','MAHARASHTRA','2008-04-27','email754','HULL'),(755,'Ivy','Centre for Bioengineering (WRCB)','POINT(22,36)','Khandwa ','MADHYA PRADESH','2008-07-20','email755','SELLERS'),(756,'Jackie','School of Management','POINT(22,36)','Khanna ','GUJARAT','2009-03-17','email756','ELLISON'),(757,'Jackson','Climate Studies','POINT(22,36)','Kharagpur ','ANDAMAN & NICOBAR ISLANDS','2009-06-01','email757','CALHOUN'),(758,'Jaco','Educational Technology','POINT(22,36)','Khardaha ','ANDHRA PRADESH','2009-10-05','email758','GILLESPIE'),(760,'Jagan','Systems and Control Engineering','POINT(22,36)','Khora ','TAMIL NADU','2010-05-24','email760','KNAPP'),(761,'Jagdeep','Aerospace Engineering','POINT(22,36)','Khurja ','MAHARASHTRA','2010-06-14','email761','MCCALL'),(762,'Janet','Biosciences and Bioengineering','POINT(22,36)','Kirari Suleman Nagar ','ORISSA','2010-09-19','email762','MORSE'),(763,'Jardine','Chemical Engineering','POINT(22,36)','Kishanganj ','BIHAR','2011-03-14','email763','DORSEY'),(764,'Jarno','Chemistry','POINT(22,36)','Kishangarh ','WEST BENGAL','2011-05-01','email764','WEEKS'),(765,'Jasbir','Civil Engineering','POINT(22,36)','Kochi ','UTTAR PRADESH','2011-06-19','email765','NIELSEN'),(766,'Jasen','Computer Science & Engineering','POINT(22,36)','Kolar ','KARNATAKA','2011-12-18','email766','LIVINGSTON'),(767,'Jasjeet','Earth Sciences','POINT(22,36)','Kolhapur ','WEST BENGAL','2012-01-16','email767','LEBLANC'),(768,'Jaspal','Electrical Engineering','POINT(22,36)','Kolkata ','CHHATTISGARH','2012-03-05','email768','MCLEAN'),(769,'Jaspar','Energy Science and Engineering','POINT(22,36)','Kollam ','CHHATTISGARH','2012-08-19','email769','BRADSHAW'),(770,'Jatinder','Humanities & Social Science','POINT(22,36)','Korba ','ANDHRA PRADESH','2013-04-15','email770','GLASS'),(771,'Javaid','Mathematics','POINT(22,36)','Kota ','TAMIL NADU','2013-05-19','email771','MIDDLETON'),(772,'Jean-Baptiste','Mechanical Engineering','POINT(22,36)','Kozhikode ','WEST BENGAL','2014-05-05','email772','BUCKLEY'),(773,'Jedd','Metallurgical Engineering & Materials Science','POINT(22,36)','Krishnanagar ','GUJARAT','2014-11-03','email773','SCHAEFER'),(774,'Jeffery','Physics','POINT(22,36)','Kulti ','CHHATTISGARH','2015-03-29','email774','FROST'),(775,'Jeremiah','Industrial Design Centre','POINT(22,36)','Kumbakonam ','WEST BENGAL','2015-08-23','email775','HOWE'),(776,'Jeroen-Hans','Application Software Centre (ASC)','POINT(22,36)','Kurichi ','ANDHRA PRADESH','2015-09-20','email776','HOUSE'),(779,'Jim','Computer Centre (CC)','POINT(22,36)','Lalitpur ','KARNATAKA','2016-01-12','email779','PENNINGTON'),(782,'Joao','Centre for Policy Studies (CPS)','POINT(22,36)','Lucknow ','ORISSA','2016-09-25','email782','MCFARLAND'),(787,'John-Paul','Centre for Entrepreneurship (DSCE)','POINT(22,36)','Madhyamgram ','KARNATAKA','2017-07-07','email787','ARIAS'),(788,'Johnny','ABC-EDS Research Academy','POINT(22,36)','Madurai ','HARYANA','2017-07-23','email788','GALVAN'),(791,'Jonson','National Centre for Mathematics (NCM)','POINT(22,36)','Maheshtala ','PUNJAB','2017-12-17','email791','FREDERICK'),(792,'Jose','Center for Learning and Teaching (PPCCLT)','POINT(22,36)','Mainpuri ','MADHYA PRADESH','2018-01-16','email792','RANDOLPH'),(794,'Joshua','Technology and Design (TCTD)','POINT(22,36)','Malerkotla ','BIHAR','2018-04-08','email794','FITZPATRICK'),(795,'Joss','Centre for Bioengineering (WRCB)','POINT(22,36)','Mandoli ','TAMIL NADU','2018-04-16','email795','MAHONEY'),(796,'Jreen','School of Management','POINT(22,36)','Mandsaur ','ORISSA','2018-07-15','email796','PECK'),(797,'Judd','Climate Studies','POINT(22,36)','Mandya ','UTTAR PRADESH','2018-12-18','email797','VILLA'),(798,'Julie','Educational Technology','POINT(22,36)','Mangalore ','MAHARASHTRA','2019-01-27','email798','MICHAEL'),(800,'Jusbunt','Systems and Control Engineering','POINT(22,36)','Mathura ','BIHAR','2019-03-05','email800','MCCONNELL'),(801,'Justine','Aerospace Engineering','POINT(22,36)','Maunath Bhanjan ','MAHARASHTRA','2019-05-19','email801','WALLS'),(802,'Ka','Biosciences and Bioengineering','POINT(22,36)','Medinipur ','MADHYA PRADESH','2019-06-03','email802','BOYLE'),(803,'Ka-Poon','Chemical Engineering','POINT(22,36)','Meerut ','RAJASTHAN','2019-06-23','email803','MAYER'),(804,'Kahl','Chemistry','POINT(22,36)','Mira Bhayander ','ANDHRA PRADESH','2019-07-14','email804','ZUNIGA'),(805,'Kai','Civil Engineering','POINT(22,36)','Miryalaguda ','MADHYA PRADESH','2019-11-25','email805','GILES'),(806,'Kaleem','Computer Science & Engineering','POINT(22,36)','Mirzapur-cum-Vindhyachal ','MADHYA PRADESH','2019-12-26','email806','PINEDA'),(807,'Kam','Earth Sciences','POINT(22,36)','Modinagar ','WEST BENGAL','2020-05-25','email807','PACE'),(808,'Kameldeed','Electrical Engineering','POINT(22,36)','Moga ','UTTAR PRADESH','2016-09-11','email808','HURLEY'),(809,'Kamran','Energy Science and Engineering','POINT(22,36)','Moradabad ','UTTAR PRADESH','2016-12-04','email809','MAYS'),(810,'Kari','Humanities & Social Science','POINT(22,36)','Morena ','UTTAR PRADESH','2017-02-12','email810','MCMILLAN'),(811,'Kayhan','Mathematics','POINT(22,36)','Morvi ','MEGHALAYA','2017-02-21','email811','CROSBY'),(812,'Kearan','Mechanical Engineering','POINT(22,36)','Motihari ','HIMACHAL PRADESH','2017-04-02','email812','AYERS'),(813,'Kee','Metallurgical Engineering & Materials Science','POINT(22,36)','Mughalsarai ','KARNATAKA','2017-08-20','email813','CASE'),(814,'Keenan','Physics','POINT(22,36)','Muktsar ','MADHYA PRADESH','2017-11-14','email814','BENTLEY'),(815,'Keir','Industrial Design Centre','POINT(22,36)','Munger ','RAJASTHAN','2018-04-10','email815','SHEPARD'),(816,'Kelly','Application Software Centre (ASC)','POINT(22,36)','Murwara ','ASSAM','2018-08-19','email816','EVERETT'),(819,'Kenrick','Computer Centre (CC)','POINT(22,36)','Muzaffarpur ','HARYANA','2019-03-26','email819','MCMAHON'),(822,'Khalid','Centre for Policy Studies (CPS)','POINT(22,36)','Nadiad ','MAHARASHTRA','2019-05-19','email822','HAHN'),(827,'Kieren','Centre for Entrepreneurship (DSCE)','POINT(22,36)','Nagercoil ','RAJASTHAN','1971-01-18','email827','DUFFY'),(828,'King','ABC-EDS Research Academy','POINT(22,36)','Nagpur ','NCT OF DELHI','1971-02-08','email828','LANDRY'),(831,'Ko','National Centre for Mathematics (NCM)','POINT(22,36)','Nanded Waghala ','GUJARAT','1977-04-30','email831','SHAH'),(832,'Konrad','Center for Learning and Teaching (PPCCLT)','POINT(22,36)','Nandurbar ','ANDHRA PRADESH','1978-02-20','email832','POTTS'),(834,'Kristen','Technology and Design (TCTD)','POINT(22,36)','Nangloi Jat ','ANDHRA PRADESH','1979-12-17','email834','VALENTINE'),(835,'Kristin','Centre for Bioengineering (WRCB)','POINT(22,36)','Narasaraopet ','TAMIL NADU','1983-12-26','email835','MEZA'),(836,'Kristopher','School of Management','POINT(22,36)','Nashik ','ANDHRA PRADESH','1984-01-23','email836','GOULD'),(837,'Kulbant','Climate Studies','POINT(22,36)','Navi Mumbai ','MAHARASHTRA','1988-02-05','email837','VAUGHAN'),(838,'Kuldeep','Educational Technology','POINT(22,36)','Navi Mumbai Panvel Raigarh ','HARYANA','1988-02-05','email838','FRY'),(840,'Kurt','Systems and Control Engineering','POINT(22,36)','Neemuch ','KERALA','1989-04-02','email840','AVERY'),(841,'Kurt-Gordon','Aerospace Engineering','POINT(22,36)','Nellore ','TAMIL NADU','1990-04-01','email841','HERRING'),(842,'Kwasi','Biosciences and Bioengineering','POINT(22,36)','New Delhi ','KERALA','1991-01-19','email842','DODSON'),(843,'Kyles','Chemical Engineering','POINT(22,36)','Neyveli ','TAMIL NADU','1991-03-24','email843','CLEMENTS'),(844,'Laine','Chemistry','POINT(22,36)','Nizamabad ','TAMIL NADU','1991-11-27','email844','SAMPSON'),(845,'Laura','Civil Engineering','POINT(22,36)','Noida ','ANDHRA PRADESH','1991-12-03','email845','TAPIA'),(846,'Lauren','Computer Science & Engineering','POINT(22,36)','North Barrackpur ','TAMIL NADU','1992-01-19','email846','BEAN'),(847,'Laurent','Earth Sciences','POINT(22,36)','North Dum Dum ','TAMIL NADU','1992-04-05','email847','LYNN'),(848,'Lauri','Electrical Engineering','POINT(22,36)','Ongole ','TAMIL NADU','1992-09-01','email848','CRANE'),(849,'Laychlan','Energy Science and Engineering','POINT(22,36)','Orai ','WEST BENGAL','1992-10-12','email849','FARLEY'),(850,'Lea','Humanities & Social Science','POINT(22,36)','Osmanabad ','RAJASTHAN','1993-04-04','email850','CISNEROS'),(851,'Lee-William','Mathematics','POINT(22,36)','Ozhukarai ','KARNATAKA','1993-04-04','email851','BENTON'),(852,'Leevi','Mechanical Engineering','POINT(22,36)','Palakkad ','RAJASTHAN','1993-06-13','email852','ASHLEY'),(853,'Lelio','Metallurgical Engineering & Materials Science','POINT(22,36)','Palanpur ','MAHARASHTRA','1994-03-20','email853','MCKAY'),(854,'Lenord','Physics','POINT(22,36)','Pali ','KARNATAKA','1994-11-23','email854','FINLEY'),(855,'Lesley','Industrial Design Centre','POINT(22,36)','Pallavaram ','MADHYA PRADESH','1994-11-26','email855','BEST'),(856,'Levi','Application Software Centre (ASC)','POINT(22,36)','Palwal ','MAHARASHTRA','1995-11-19','email856','BLEVINS'),(859,'Linsay','Computer Centre (CC)','POINT(22,36)','Panipat ','WEST BENGAL','1997-01-19','email859','SOSA'),(862,'Lister','Centre for Policy Studies (CPS)','POINT(22,36)','Patan ','UTTAR PRADESH','1997-03-23','email862','FRYE'),(867,'Lorraine','Centre for Entrepreneurship (DSCE)','POINT(22,36)','Pimpri Chinchwad ','ANDHRA PRADESH','1998-06-29','email867','MULLEN'),(868,'Loumont','ABC-EDS Research Academy','POINT(22,36)','Pithampur ','ANDHRA PRADESH','1998-11-15','email868','BENJAMIN'),(871,'Luiz','National Centre for Mathematics (NCM)','POINT(22,36)','Proddatur ','MAHARASHTRA','1999-01-26','email871','MOYER'),(872,'Madunil','Center for Learning and Teaching (PPCCLT)','POINT(22,36)','Puducherry ','MADHYA PRADESH','1999-02-15','email872','CHOI'),(874,'Maksymilian','Technology and Design (TCTD)','POINT(22,36)','Pune ','KARNATAKA','1999-05-23','email874','YU'),(875,'Malkeet','Centre for Bioengineering (WRCB)','POINT(22,36)','Puri ','JHARKHAND','1999-06-28','email875','WOODWARD'),(876,'Man','School of Management','POINT(22,36)','Purnia ','UTTAR PRADESH','1999-08-22','email876','ALI'),(877,'Mandeep','Climate Studies','POINT(22,36)','Puruliya ','UTTAR PRADESH','1999-08-23','email877','NIXON'),(878,'Manmath','Educational Technology','POINT(22,36)','Rae Bareli ','WEST BENGAL','1999-09-14','email878','HAYDEN'),(880,'Mansoor','Systems and Control Engineering','POINT(22,36)','Raiganj ','MAHARASHTRA','1999-11-14','email880','ESTES'),(881,'Manuel','Aerospace Engineering','POINT(22,36)','Raigarh ','ANDHRA PRADESH','2000-01-03','email881','MCCARTY'),(882,'Maqsood','Biosciences and Bioengineering','POINT(22,36)','Raipur ','UTTAR PRADESH','2000-04-30','email882','RICHMOND'),(883,'Marcello','Chemical Engineering','POINT(22,36)','Rajahmundry ','UTTAR PRADESH','2000-05-21','email883','STUART'),(884,'Marcos','Chemistry','POINT(22,36)','Rajapalayam ','PUNJAB','2000-06-25','email884','MAYNARD'),(885,'Marek','Civil Engineering','POINT(22,36)','Rajarhat Gopalpur ','UTTAR PRADESH','2000-10-22','email885','BRANDT'),(886,'Marin','Computer Science & Engineering','POINT(22,36)','Rajkot ','MADHYA PRADESH','2001-02-25','email886','OCONNELL'),(887,'Marino','Earth Sciences','POINT(22,36)','Rajnandgaon ','GUJARAT','2001-04-01','email887','HANNA'),(888,'Marjus','Electrical Engineering','POINT(22,36)','Rajpur Sonarpur ','BIHAR','2001-09-23','email888','SANFORD'),(889,'Markos','Energy Science and Engineering','POINT(22,36)','Ramagundam ','UTTAR PRADESH','2001-10-08','email889','SHEPPARD'),(890,'Marl','Humanities & Social Science','POINT(22,36)','Rampur ','PUNJAB','2001-12-09','email890','CHURCH'),(891,'Marvan','Mathematics','POINT(22,36)','Ranchi ','BIHAR','2002-03-17','email891','BURCH'),(892,'Marvyn','Mechanical Engineering','POINT(22,36)','Ranibennur ','MADHYA PRADESH','2002-04-21','email892','LEVY'),(893,'Mary','Metallurgical Engineering & Materials Science','POINT(22,36)','Raniganj ','NCT OF DELHI','2002-05-19','email893','RASMUSSEN'),(894,'Masood','Physics','POINT(22,36)','Ratlam ','UTTAR PRADESH','2002-07-21','email894','COFFEY'),(895,'Matt','Industrial Design Centre','POINT(22,36)','Raurkela Industrial Township ','BIHAR','2002-08-25','email895','PONCE'),(896,'Maurizio','Application Software Centre (ASC)','POINT(22,36)','Raurkela Town ','KARNATAKA','2002-11-17','email896','FAULKNER'),(899,'Melville','Computer Centre (CC)','POINT(22,36)','Rishra ','ASSAM','2003-07-27','email899','NOVAK'),(902,'Micah','Centre for Policy Studies (CPS)','POINT(22,36)','Roorkee ','MADHYA PRADESH','2004-06-27','email902','BOOKER'),(907,'Miles','Centre for Entrepreneurship (DSCE)','POINT(22,36)','Saharsa ','MAHARASHTRA','2006-07-03','email907','MATA'),(908,'Milo','ABC-EDS Research Academy','POINT(22,36)','Salem ','MAHARASHTRA','2006-09-17','email908','BONILLA'),(911,'Moazzam','National Centre for Mathematics (NCM)','POINT(22,36)','Sangli Miraj Kupwad ','ANDHRA PRADESH','2007-10-07','email911','KAUFMAN'),(912,'Modan','Center for Learning and Teaching (PPCCLT)','POINT(22,36)','Santipur ','MAHARASHTRA','2008-04-27','email912','DUDLEY'),(914,'Montgomery','Technology and Design (TCTD)','POINT(22,36)','Satara ','MAHARASHTRA','2008-12-14','email914','BELTRAN'),(915,'Morrison','Centre for Bioengineering (WRCB)','POINT(22,36)','Satna ','GUJARAT','2009-01-25','email915','DICKSON'),(916,'Moses','School of Management','POINT(22,36)','Sawai Madhopur ','MADHYA PRADESH','2009-02-15','email916','MCCANN'),(917,'Moufid','Climate Studies','POINT(22,36)','Secunderabad ','ANDHRA PRADESH','2009-04-26','email917','VILLEGAS'),(918,'Muctarr','Educational Technology','POINT(22,36)','Sehore ','NCT OF DELHI','2009-06-07','email918','PROCTOR'),(920,'Mukendi','Systems and Control Engineering','POINT(22,36)','Serampore ','ANDHRA PRADESH','2009-09-13','email920','CANTRELL'),(921,'Mukesh','Aerospace Engineering','POINT(22,36)','Shahjahanpur ','UTTAR PRADESH','2009-10-04','email921','DAUGHERTY'),(922,'Munnuwar','Biosciences and Bioengineering','POINT(22,36)','Shamli ','WEST BENGAL','2009-10-25','email922','CHERRY'),(923,'Muro','Chemical Engineering','POINT(22,36)','Shikohabad ','WEST BENGAL','2009-12-13','email923','BRAY'),(924,'Mustapha','Chemistry','POINT(22,36)','Shillong ','ANDHRA PRADESH','2010-02-21','email924','DAVILA'),(925,'Nabil','Civil Engineering','POINT(22,36)','Shimla ','UTTAR PRADESH','2010-02-21','email925','ROWLAND'),(926,'Nadeem','Computer Science & Engineering','POINT(22,36)','Shimoga ','MAHARASHTRA','2010-03-28','email926','LEVINE'),(927,'Naeeh','Earth Sciences','POINT(22,36)','Shivpuri ','PUDUCHERRY','2010-06-20','email927','MADDEN'),(928,'Naeem','Electrical Engineering','POINT(22,36)','Sikar ','KERALA','2010-09-19','email928','SPENCE'),(929,'Navin','Energy Science and Engineering','POINT(22,36)','Silchar ','GUJARAT','2010-11-22','email929','GOOD'),(930,'Naweed','Humanities & Social Science','POINT(22,36)','Siliguri ','RAJASTHAN','2011-05-01','email930','IRWIN'),(931,'Nazar','Mathematics','POINT(22,36)','Singrauli ','TAMIL NADU','2011-07-17','email931','WERNER'),(932,'Neacal','Mechanical Engineering','POINT(22,36)','Sirsa ','HARYANA','2011-07-25','email932','KRAUSE'),(933,'Neale','Metallurgical Engineering & Materials Science','POINT(22,36)','Sitapur ','HARYANA','2011-07-25','email933','PETTY'),(934,'Neel','Physics','POINT(22,36)','Siwan ','WEST BENGAL','2011-08-14','email934','WHITNEY'),(935,'Neilson','Industrial Design Centre','POINT(22,36)','Solapur ','HARYANA','2011-08-14','email935','BAIRD'),(936,'Nevil','Application Software Centre (ASC)','POINT(22,36)','Sonipat ','MAHARASHTRA','2011-09-18','email936','HOOPER'),(939,'Niel','Computer Centre (CC)','POINT(22,36)','Srinagar ','PUNJAB','2013-01-27','email939','JARVIS'),(942,'Nirmaljit','Centre for Policy Studies (CPS)','POINT(22,36)','Sultanpur ','UTTAR PRADESH','2013-08-18','email942','HENDRIX'),(947,'O\'neill','Centre for Entrepreneurship (DSCE)','POINT(22,36)','Mughalsarai ','ANDHRA PRADESH','2014-08-17','email947','RIGGS'),(948,'Obumneme','ABC-EDS Research Academy','POINT(22,36)','Muktsar ','PUDUCHERRY','2015-03-29','email948','JOYCE'),(951,'Ogilvy','National Centre for Mathematics (NCM)','POINT(22,36)','Mustafabad ','ORISSA','2015-12-14','email951','GALLOWAY'),(952,'Olaf','Center for Learning and Teaching (PPCCLT)','POINT(22,36)','Muzaffarnagar ','BIHAR','2016-01-24','email952','DUKE'),(954,'Omer','Technology and Design (TCTD)','POINT(22,36)','Mysore ','UTTAR PRADESH','2016-06-19','email954','ANDERSEN'),(955,'Orest','Centre for Bioengineering (WRCB)','POINT(22,36)','Nabadwip ','KARNATAKA','2016-06-19','email955','DOWNS'),(956,'Orlando','School of Management','POINT(22,36)','Nadiad ','WEST BENGAL','2016-09-11','email956','HATFIELD'),(957,'Ormond','Climate Studies','POINT(22,36)','Nagaon ','CHHATTISGARH','2017-01-29','email957','BENITEZ'),(958,'Orpheus','Educational Technology','POINT(22,36)','Nagapattinam ','CHHATTISGARH','2017-02-12','email958','ARCHER'),(960,'Otis-Chen','Systems and Control Engineering','POINT(22,36)','Nagda ','TAMIL NADU','2017-05-21','email960','TRAVIS'),(961,'Oyvind','Aerospace Engineering','POINT(22,36)','Nagercoil ','WEST BENGAL','2017-11-07','email961','MCNEIL'),(962,'Pallab','Biosciences and Bioengineering','POINT(22,36)','Nagpur ','GUJARAT','2018-11-13','email962','HINTON'),(963,'Pamela','Chemical Engineering','POINT(22,36)','Naihati ','CHHATTISGARH','2019-04-07','email963','ZHANG'),(964,'Parvez','Chemistry','POINT(22,36)','Nalgonda ','WEST BENGAL','2019-10-04','email964','HAYS'),(965,'Pasquale','Civil Engineering','POINT(22,36)','Nanded Waghala ','ANDHRA PRADESH','2019-10-05','email965','MAYO'),(966,'Paulo','Computer Science & Engineering','POINT(22,36)','Nandurbar ','UTTAR PRADESH','1956-09-18','email966','FRITZ'),(967,'Pegasus','Earth Sciences','POINT(22,36)','Nandyal ','JHARKHAND','1966-09-17','email967','BRANCH'),(968,'Petter','Electrical Engineering','POINT(22,36)','Nangloi Jat ','KARNATAKA','1966-10-03','email968','MOONEY'),(969,'Phil','Energy Science and Engineering','POINT(22,36)','Narasaraopet ','WEST BENGAL','1968-03-10','email969','EWING'),(970,'Pierce','Humanities & Social Science','POINT(22,36)','Nashik ','MADHYA PRADESH','1968-04-02','email970','RITTER'),(971,'Piero','Mathematics','POINT(22,36)','Navi Mumbai ','ORISSA','1975-05-29','email971','ESPARZA'),(972,'Pierre','Mechanical Engineering','POINT(22,36)','Navi Mumbai Panvel Raigarh ','ORISSA','1975-05-31','email972','FREY'),(973,'Pietro','Metallurgical Engineering & Materials Science','POINT(22,36)','Navsari ','MADHYA PRADESH','1978-10-08','email973','BRAUN'),(974,'Polo','Physics','POINT(22,36)','Neemuch ','HARYANA','1978-10-10','email974','GAY'),(975,'Pravin','Industrial Design Centre','POINT(22,36)','Nellore ','WEST BENGAL','1984-07-23','email975','RIDDLE'),(976,'Quillan','Application Software Centre (ASC)','POINT(22,36)','New Delhi ','KARNATAKA','1985-02-18','email976','HANEY'),(979,'Raeph','Computer Centre (CC)','POINT(22,36)','Noida ','UTTARAKHAND','1986-07-03','email979','CHANEY'),(982,'Rainer','Centre for Policy Studies (CPS)','POINT(22,36)','Ongole ','UTTAR PRADESH','1988-10-07','email982','VANG'),(987,'Rana','Centre for Entrepreneurship (DSCE)','POINT(22,36)','Palanpur ','MAHARASHTRA','1995-10-23','email987','FERRELL'),(988,'Randy','ABC-EDS Research Academy','POINT(22,36)','Pali ','WEST BENGAL','1995-10-24','email988','DAVIES'),(991,'Rauri','National Centre for Mathematics (NCM)','POINT(22,36)','Panchkula ','MADHYA PRADESH','1995-10-27','email991','OSBORN'),(992,'Raymund','Center for Learning and Teaching (PPCCLT)','POINT(22,36)','Panihati ','RAJASTHAN','1995-10-28','email992','BRIGHT'),(994,'Reay','Technology and Design (TCTD)','POINT(22,36)','Panvel ','MADHYA PRADESH','1995-10-30','email994','BOLTON'),(995,'Redmond','Centre for Bioengineering (WRCB)','POINT(22,36)','Parbhani ','MADHYA PRADESH','1995-10-31','email995','MURILLO'),(996,'Reece','School of Management','POINT(22,36)','Patan ','WEST BENGAL','1995-11-01','email996','LUTZ'),(997,'Reese','Climate Studies','POINT(22,36)','Pathankot ','UTTAR PRADESH','1995-11-02','email997','DUARTE'),(998,'Rene','Educational Technology','POINT(22,36)','Patiala ','UTTAR PRADESH','1995-11-03','email998','KIDD'),(1000,'Reynard','Systems and Control Engineering','POINT(22,36)','Pilibhit ','MEGHALAYA','2001-04-01','email1000','COOKE');
/*!40000 ALTER TABLE `student` ENABLE KEYS */;
UNLOCK TABLES;

--
-- Table structure for table `student_contact`
--

DROP TABLE IF EXISTS `student_contact`;
/*!40101 SET @saved_cs_client     = @@character_set_client */;
/*!50503 SET character_set_client = utf8mb4 */;
CREATE TABLE `student_contact` (
  `roll_no` int NOT NULL,
  `contact` bigint NOT NULL,
  PRIMARY KEY (`roll_no`,`contact`),
  CONSTRAINT `student_contact_ibfk_1` FOREIGN KEY (`roll_no`) REFERENCES `student` (`roll_no`) ON DELETE CASCADE ON UPDATE CASCADE
) ENGINE=InnoDB DEFAULT CHARSET=utf8mb4 COLLATE=utf8mb4_0900_ai_ci;
/*!40101 SET character_set_client = @saved_cs_client */;

--
-- Dumping data for table `student_contact`
--

LOCK TABLES `student_contact` WRITE;
/*!40000 ALTER TABLE `student_contact` DISABLE KEYS */;
INSERT INTO `student_contact` VALUES (1,1000),(2,1001),(3,1002),(4,1003),(5,1004),(6,1005),(7,1006),(8,1007),(9,1008),(10,1009),(11,1010),(12,1011),(13,1012),(14,1013),(15,1014),(16,1015),(19,1018),(22,1021),(27,1026),(28,1027),(31,1030),(32,1031),(34,1033),(35,1034),(36,1035),(37,1036),(38,1037),(40,1039),(41,1040),(42,1041),(43,1042),(44,1043),(45,1044),(46,1045),(47,1046),(48,1047),(49,1048),(50,1049),(51,1050),(52,1051),(53,1052),(54,1053),(55,1054),(56,1055),(59,1058),(62,1061),(67,1066),(68,1067),(71,1070),(72,1071),(74,1073),(75,1074),(76,1075),(77,1076),(78,1077),(80,1079),(81,1080),(82,1081),(83,1082),(84,1083),(85,1084),(86,1085),(87,1086),(88,1087),(89,1088),(90,1089),(91,1090),(92,1091),(93,1092),(94,1093),(95,1094),(96,1095),(99,1098),(102,1101),(107,1106),(108,1107),(111,1110),(112,1111),(114,1113),(115,1114),(116,1115),(117,1116),(118,1117),(120,1119),(121,1120),(122,1121),(123,1122),(124,1123),(125,1124),(126,1125),(127,1126),(128,1127),(129,1128),(130,1129),(131,1130),(132,1131),(133,1132),(134,1133),(135,1134),(136,1135),(139,1138),(142,1141),(147,1146),(148,1147),(151,1150),(152,1151),(154,1153),(155,1154),(156,1155),(157,1156),(158,1157),(160,1159),(161,1160),(162,1161),(163,1162),(164,1163),(165,1164),(166,1165),(167,1166),(168,1167),(169,1168),(170,1169),(171,1170),(172,1171),(173,1172),(174,1173),(175,1174),(176,1175),(179,1178),(182,1181),(187,1186),(188,1187),(191,1190),(192,1191),(194,1193),(195,1194),(196,1195),(197,1196),(198,1197),(200,1199),(201,1200),(202,1201),(203,1202),(204,1203),(205,1204),(206,1205),(207,1206),(208,1207),(209,1208),(210,1209),(211,1210),(212,1211),(213,1212),(214,1213),(215,1214),(216,1215),(219,1218),(222,1221),(227,1226),(228,1227),(231,1230),(232,1231),(234,1233),(235,1234),(236,1235),(237,1236),(238,1237),(240,1239),(241,1240),(242,1241),(243,1242),(244,1243),(245,1244),(246,1245),(247,1246),(248,1247),(249,1248),(250,1249),(251,1250),(252,1251),(253,1252),(254,1253),(255,1254),(256,1255),(259,1258),(262,1261),(267,1266),(268,1267),(271,1270),(272,1271),(274,1273),(275,1274),(276,1275),(277,1276),(278,1277),(280,1279),(281,1280),(282,1281),(283,1282),(284,1283),(285,1284),(286,1285),(287,1286),(288,1287),(289,1288),(290,1289),(291,1290),(292,1291),(293,1292),(294,1293),(295,1294),(296,1295),(299,1298),(302,1301),(307,1306),(308,1307),(311,1310),(312,1311),(314,1313),(315,1314),(316,1315),(317,1316),(318,1317),(320,1319),(321,1320),(322,1321),(323,1322),(324,1323),(325,1324),(326,1325),(327,1326),(328,1327),(329,1328),(330,1329),(331,1330),(332,1331),(333,1332),(334,1333),(335,1334),(336,1335),(339,1338),(342,1341),(347,1346),(348,1347),(351,1350),(352,1351),(354,1353),(355,1354),(356,1355),(357,1356),(358,1357),(360,1359),(361,1360),(362,1361),(363,1362),(364,1363),(365,1364),(366,1365),(367,1366),(368,1367),(369,1368),(370,1369),(371,1370),(372,1371),(373,1372),(374,1373),(375,1374),(376,1375),(379,1378),(382,1381),(387,1386),(388,1387),(391,1390),(392,1391),(394,1393),(395,1394),(396,1395),(397,1396),(398,1397),(400,1399),(401,1400),(402,1401),(403,1402),(404,1403),(405,1404),(406,1405),(407,1406),(408,1407),(409,1408),(410,1409),(411,1410),(412,1411),(413,1412),(414,1413),(415,1414),(416,1415),(419,1418),(422,1421),(427,1426),(428,1427),(431,1430),(432,1431),(434,1433),(435,1434),(436,1435),(437,1436),(438,1437),(440,1439),(441,1440),(442,1441),(443,1442),(444,1443),(445,1444),(446,1445),(447,1446),(448,1447),(449,1448),(450,1449),(451,1450),(452,1451),(453,1452),(454,1453),(455,1454),(456,1455),(459,1458),(462,1461),(467,1466),(468,1467),(471,1470),(472,1471),(474,1473),(475,1474),(476,1475),(477,1476),(478,1477),(480,1479),(481,1480),(482,1481),(483,1482),(484,1483),(485,1484),(486,1485),(487,1486),(488,1487),(489,1488),(490,1489),(491,1490),(492,1491),(493,1492),(494,1493),(495,1494),(496,1495),(499,1498),(502,1501),(507,1506),(508,1507),(511,1510),(512,1511),(514,1513),(515,1514),(516,1515),(517,1516),(518,1517),(520,1519),(521,1520),(522,1521),(523,1522),(524,1523),(525,1524),(526,1525),(527,1526),(528,1527),(529,1528),(530,1529),(531,1530),(532,1531),(533,1532),(534,1533),(535,1534),(536,1535),(539,1538),(542,1541),(547,1546),(548,1547),(551,1550),(552,1551),(554,1553),(555,1554),(556,1555),(557,1556),(558,1557),(560,1559),(561,1560),(562,1561),(563,1562),(564,1563),(565,1564),(566,1565),(567,1566),(568,1567),(569,1568),(570,1569),(571,1570),(572,1571),(573,1572),(574,1573),(575,1574),(576,1575),(579,1578),(582,1581),(587,1586),(588,1587),(591,1590),(592,1591),(594,1593),(595,1594),(596,1595),(597,1596),(598,1597),(600,1599),(601,1600),(602,1601),(603,1602),(604,1603),(605,1604),(606,1605),(607,1606),(608,1607),(609,1608),(610,1609),(611,1610),(612,1611),(613,1612),(614,1613),(615,1614),(616,1615),(619,1618),(622,1621),(627,1626),(628,1627),(631,1630),(632,1631),(634,1633),(635,1634),(636,1635),(637,1636),(638,1637),(640,1639),(641,1640),(642,1641),(643,1642),(644,1643),(645,1644),(646,1645),(647,1646),(648,1647),(649,1648),(650,1649),(651,1650),(652,1651),(653,1652),(654,1653),(655,1654),(656,1655),(659,1658),(662,1661),(667,1666),(668,1667),(671,1670),(672,1671),(674,1673),(675,1674),(676,1675),(677,1676),(678,1677),(680,1679),(681,1680),(682,1681),(683,1682),(684,1683),(685,1684),(686,1685),(687,1686),(688,1687),(689,1688),(690,1689),(691,1690),(692,1691),(693,1692),(694,1693),(695,1694),(696,1695),(699,1698),(702,1701),(707,1706),(708,1707),(711,1710),(712,1711),(714,1713),(715,1714),(716,1715),(717,1716),(718,1717),(720,1719),(721,1720),(722,1721),(723,1722),(724,1723),(725,1724),(726,1725),(727,1726),(728,1727),(729,1728),(730,1729),(731,1730),(732,1731),(733,1732),(734,1733),(735,1734),(736,1735),(739,1738),(742,1741),(747,1746),(748,1747),(751,1750),(752,1751),(754,1753),(755,1754),(756,1755),(757,1756),(758,1757),(760,1759),(761,1760),(762,1761),(763,1762),(764,1763),(765,1764),(766,1765),(767,1766),(768,1767),(769,1768),(770,1769),(771,1770),(772,1771),(773,1772),(774,1773),(775,1774),(776,1775),(779,1778),(782,1781),(787,1786),(788,1787),(791,1790),(792,1791),(794,1793),(795,1794),(796,1795),(797,1796),(798,1797),(800,1799),(801,1800),(802,1801),(803,1802),(804,1803),(805,1804),(806,1805),(807,1806),(808,1807),(809,1808),(810,1809),(811,1810),(812,1811),(813,1812),(814,1813),(815,1814),(816,1815),(819,1818),(822,1821),(827,1826),(828,1827),(831,1830),(832,1831),(834,1833),(835,1834),(836,1835),(837,1836),(838,1837),(840,1839),(841,1840),(842,1841),(843,1842),(844,1843),(845,1844),(846,1845),(847,1846),(848,1847),(849,1848),(850,1849),(851,1850),(852,1851),(853,1852),(854,1853),(855,1854),(856,1855),(859,1858),(862,1861),(867,1866),(868,1867),(871,1870),(872,1871),(874,1873),(875,1874),(876,1875),(877,1876),(878,1877),(880,1879),(881,1880),(882,1881),(883,1882),(884,1883),(885,1884),(886,1885),(887,1886),(888,1887),(889,1888),(890,1889),(891,1890),(892,1891),(893,1892),(894,1893),(895,1894),(896,1895),(899,1898),(902,1901),(907,1906),(908,1907),(911,1910),(912,1911),(914,1913),(915,1914),(916,1915),(917,1916),(918,1917),(920,1919),(921,1920),(922,1921),(923,1922),(924,1923),(925,1924),(926,1925),(927,1926),(928,1927),(929,1928),(930,1929),(931,1930),(932,1931),(933,1932),(934,1933),(935,1934),(936,1935),(939,1938),(942,1941),(947,1946),(948,1947),(951,1950),(952,1951),(954,1953),(955,1954),(956,1955),(957,1956),(958,1957),(960,1959),(961,1960),(962,1961),(963,1962),(964,1963),(965,1964),(966,1965),(967,1966),(968,1967),(969,1968),(970,1969),(971,1970),(972,1971),(973,1972),(974,1973),(975,1974),(976,1975),(979,1978),(982,1981),(987,1986),(988,1987),(991,1990),(992,1991),(994,1993),(995,1994),(996,1995),(997,1996),(998,1997),(1000,1999);
/*!40000 ALTER TABLE `student_contact` ENABLE KEYS */;
UNLOCK TABLES;

--
-- Table structure for table `student_hostel_payment`
--

DROP TABLE IF EXISTS `student_hostel_payment`;
/*!40101 SET @saved_cs_client     = @@character_set_client */;
/*!50503 SET character_set_client = utf8mb4 */;
CREATE TABLE `student_hostel_payment` (
  `transaction_id` int NOT NULL,
  `roll_no` tinyint NOT NULL,
  `block_name` varchar(20) NOT NULL,
  PRIMARY KEY (`transaction_id`,`block_name`,`roll_no`),
  KEY `roll_no_idx` (`roll_no`),
  KEY `block_name_idx` (`block_name`),
  CONSTRAINT `student_hostel_payment_ibfk_1` FOREIGN KEY (`transaction_id`) REFERENCES `transaction` (`transaction_id`),
  CONSTRAINT `student_hostel_payment_ibfk_3` FOREIGN KEY (`block_name`) REFERENCES `hostel` (`block_name`)
) ENGINE=InnoDB DEFAULT CHARSET=utf8mb4 COLLATE=utf8mb4_0900_ai_ci;
/*!40101 SET character_set_client = @saved_cs_client */;

--
-- Dumping data for table `student_hostel_payment`
--

LOCK TABLES `student_hostel_payment` WRITE;
/*!40000 ALTER TABLE `student_hostel_payment` DISABLE KEYS */;
INSERT INTO `student_hostel_payment` VALUES (6008,1,'D'),(6045,1,'E'),(6022,6,'I'),(6032,6,'D'),(6031,7,'C'),(6034,19,'I'),(6046,19,'I'),(6038,28,'J'),(6007,34,'C'),(6012,36,'H'),(6047,46,'G'),(6025,47,'A'),(6037,48,'A'),(6010,50,'I'),(6011,53,'G'),(6013,53,'A'),(6029,54,'F'),(6026,56,'J'),(6048,56,'H'),(6035,75,'G'),(6042,77,'B'),(6044,78,'D'),(6014,84,'J'),(6020,85,'D'),(6017,88,'F'),(6019,94,'C'),(6018,96,'B'),(6021,111,'E'),(6041,115,'F'),(6006,118,'B'),(6002,123,'J'),(6023,125,'G');
/*!40000 ALTER TABLE `student_hostel_payment` ENABLE KEYS */;
UNLOCK TABLES;

--
-- Table structure for table `transaction`
--

DROP TABLE IF EXISTS `transaction`;
/*!40101 SET @saved_cs_client     = @@character_set_client */;
/*!50503 SET character_set_client = utf8mb4 */;
CREATE TABLE `transaction` (
  `transaction_id` int NOT NULL,
  `amount` int DEFAULT NULL,
  `mode_of_payment` varchar(45) NOT NULL,
  PRIMARY KEY (`transaction_id`),
  CONSTRAINT `transaction_chk_1` CHECK ((`amount` >= 0))
) ENGINE=InnoDB DEFAULT CHARSET=utf8mb4 COLLATE=utf8mb4_0900_ai_ci;
/*!40101 SET character_set_client = @saved_cs_client */;

--
-- Dumping data for table `transaction`
--

LOCK TABLES `transaction` WRITE;
/*!40000 ALTER TABLE `transaction` DISABLE KEYS */;
INSERT INTO `transaction` VALUES (6001,360000,'UPI'),(6002,100000,'NEFT'),(6003,790000,'NEFT'),(6004,350000,'NEFT'),(6005,610000,'Cash'),(6006,720000,'UPI'),(6007,470000,'NEFT'),(6008,720000,'Credit Card'),(6009,150000,'DD'),(6010,810000,'Credit Card'),(6011,270000,'Cash'),(6012,80000,'UPI'),(6013,780000,'Credit Card'),(6014,410000,'NEFT'),(6015,700000,'NEFT'),(6016,170000,'NEFT'),(6017,50000,'Credit Card'),(6018,660000,'Cheque'),(6019,260000,'NEFT'),(6020,670000,'Cash'),(6021,450000,'Cash'),(6022,230000,'Cash'),(6023,710000,'Cheque'),(6024,680000,'Cash'),(6025,880000,'NEFT'),(6026,350000,'Credit Card'),(6027,990000,'NEFT'),(6028,40000,'DD'),(6029,320000,'DD'),(6030,920000,'Cheque'),(6031,240000,'Debit Card'),(6032,700000,'Cheque'),(6033,400000,'Cheque'),(6034,990000,'Cheque'),(6035,200000,'NEFT'),(6036,980000,'DD'),(6037,280000,'Cheque'),(6038,770000,'Cash'),(6039,240000,'NEFT'),(6040,70000,'Cash'),(6041,770000,'Cash'),(6042,640000,'Cheque'),(6043,960000,'Debit Card'),(6044,290000,'UPI'),(6045,140000,'Cash'),(6046,390000,'UPI'),(6047,100000,'Credit Card'),(6048,110000,'UPI'),(6049,230000,'Debit Card'),(6050,90000,'DD'),(6051,750000,'UPI'),(6052,520000,'Debit Card'),(6053,760000,'UPI'),(6054,300000,'Cash'),(6055,720000,'Credit Card'),(6056,950000,'Debit Card'),(6057,480000,'Cheque'),(6058,200000,'UPI'),(6059,860000,'Cash'),(6060,320000,'Debit Card'),(6061,310000,'Cheque'),(6062,570000,'Debit Card'),(6063,460000,'NEFT'),(6064,60000,'Cheque'),(6065,430000,'DD'),(6066,430000,'UPI'),(6067,400000,'Cash'),(6068,550000,'Cash'),(6069,340000,'Cheque'),(6070,940000,'UPI'),(6071,750000,'NEFT'),(6072,500000,'Cheque'),(6073,240000,'Cash'),(6074,890000,'NEFT'),(6075,160000,'NEFT'),(6076,780000,'Cash'),(6077,740000,'Cash'),(6078,150000,'UPI'),(6079,980000,'DD'),(6080,140000,'UPI'),(6081,640000,'Cheque'),(6082,480000,'UPI'),(6083,210000,'DD'),(6084,650000,'Debit Card'),(6085,50000,'Cash'),(6086,620000,'Credit Card'),(6087,920000,'Credit Card'),(6088,150000,'Cash'),(6089,60000,'Cash'),(6090,190000,'DD'),(6091,440000,'DD'),(6092,360000,'DD'),(6093,710000,'Credit Card'),(6094,750000,'Cheque'),(6095,250000,'Credit Card'),(6096,830000,'DD'),(6097,190000,'Credit Card'),(6098,130000,'DD'),(6099,80000,'UPI'),(6100,190000,'NEFT'),(6101,330000,'Cash'),(6102,450000,'Cash'),(6103,890000,'Credit Card'),(6104,660000,'UPI'),(6105,900000,'NEFT'),(6106,70000,'DD'),(6107,220000,'NEFT'),(6108,780000,'UPI'),(6109,190000,'Credit Card'),(6110,250000,'NEFT'),(6111,470000,'Credit Card'),(6112,750000,'UPI'),(6113,810000,'Credit Card'),(6114,420000,'Cheque'),(6115,580000,'Debit Card'),(6116,510000,'DD'),(6117,820000,'Cheque'),(6118,70000,'Cheque'),(6119,520000,'Credit Card'),(6120,390000,'Cash'),(6121,260000,'UPI'),(6122,710000,'Debit Card'),(6123,590000,'Cheque'),(6124,700000,'Cash'),(6125,750000,'DD'),(6126,700000,'UPI'),(6127,480000,'NEFT'),(6128,770000,'NEFT'),(6129,650000,'UPI'),(6130,600000,'NEFT'),(6131,770000,'Debit Card'),(6132,80000,'UPI'),(6133,510000,'Credit Card'),(6134,70000,'NEFT'),(6135,1000000,'NEFT'),(6136,610000,'Credit Card'),(6137,840000,'DD'),(6138,920000,'Debit Card'),(6139,640000,'NEFT'),(6140,980000,'Debit Card'),(6141,290000,'Cash'),(6142,800000,'UPI'),(6143,410000,'NEFT'),(6144,470000,'Credit Card'),(6145,250000,'Credit Card'),(6146,400000,'UPI'),(6147,810000,'Cash'),(6148,410000,'Debit Card'),(6149,890000,'Cash'),(6150,370000,'NEFT'),(6151,250000,'Credit Card'),(6152,390000,'UPI'),(6153,30000,'Credit Card'),(6154,830000,'NEFT'),(6155,670000,'NEFT'),(6156,270000,'Cash'),(6157,330000,'UPI'),(6158,990000,'Cheque'),(6159,770000,'Cheque'),(6160,210000,'Credit Card'),(6161,980000,'Cheque'),(6162,390000,'Cheque'),(6163,780000,'Debit Card'),(6164,460000,'Debit Card'),(6165,620000,'DD'),(6166,120000,'Credit Card'),(6167,710000,'Credit Card'),(6168,770000,'Credit Card'),(6169,660000,'Debit Card'),(6170,650000,'NEFT'),(6171,530000,'DD'),(6172,40000,'UPI'),(6173,130000,'Debit Card'),(6174,950000,'DD'),(6175,360000,'DD'),(6176,480000,'NEFT'),(6177,120000,'NEFT'),(6178,280000,'Credit Card'),(6179,800000,'Debit Card'),(6180,620000,'Cash'),(6181,720000,'DD'),(6182,450000,'UPI'),(6183,380000,'Cash'),(6184,90000,'Cheque'),(6185,100000,'DD'),(6186,640000,'UPI'),(6187,280000,'UPI'),(6188,310000,'NEFT'),(6189,640000,'DD'),(6190,100000,'Credit Card'),(6191,360000,'NEFT'),(6192,740000,'DD'),(6193,160000,'Cheque'),(6194,350000,'Cash'),(6195,480000,'UPI'),(6196,90000,'Cheque'),(6197,560000,'NEFT'),(6198,160000,'Cash'),(6199,740000,'Cash'),(6200,230000,'Cheque'),(6201,700000,'Cash'),(6202,500000,'Credit Card'),(6203,520000,'NEFT'),(6204,770000,'Cash'),(6205,460000,'NEFT'),(6206,850000,'Credit Card'),(6207,960000,'Cheque'),(6208,360000,'DD'),(6209,930000,'Cash'),(6210,540000,'Credit Card'),(6211,160000,'UPI'),(6212,120000,'UPI'),(6213,750000,'DD'),(6214,420000,'Cash'),(6215,560000,'Cash'),(6216,40000,'Cheque'),(6217,190000,'Cheque'),(6218,660000,'Debit Card'),(6219,100000,'Cash'),(6220,460000,'DD'),(6221,380000,'Credit Card'),(6222,940000,'UPI'),(6223,780000,'Debit Card'),(6224,520000,'Credit Card'),(6225,430000,'DD'),(6226,350000,'Cheque'),(6227,320000,'Credit Card'),(6228,740000,'Credit Card'),(6229,850000,'Cash'),(6230,750000,'UPI'),(6231,920000,'DD'),(6232,650000,'DD'),(6233,720000,'Cash'),(6234,830000,'DD'),(6235,590000,'Credit Card'),(6236,620000,'NEFT'),(6237,730000,'Debit Card'),(6238,910000,'DD'),(6239,100000,'Credit Card'),(6240,340000,'Cheque'),(6241,680000,'Credit Card'),(6242,990000,'Debit Card'),(6243,680000,'Cash'),(6244,420000,'Cheque'),(6245,690000,'NEFT'),(6246,690000,'Debit Card'),(6247,730000,'Cheque'),(6248,860000,'Debit Card'),(6249,160000,'Debit Card'),(6250,350000,'UPI'),(6251,420000,'Cheque'),(6252,490000,'DD'),(6253,340000,'DD'),(6254,460000,'Credit Card'),(6255,310000,'UPI'),(6256,540000,'DD'),(6257,560000,'Cash'),(6258,590000,'Cash'),(6259,290000,'NEFT'),(6260,410000,'Credit Card'),(6261,950000,'UPI'),(6262,960000,'Credit Card'),(6263,80000,'UPI'),(6264,640000,'NEFT'),(6265,500000,'UPI'),(6266,680000,'Cheque'),(6267,620000,'DD'),(6268,690000,'DD'),(6269,660000,'Cheque'),(6270,820000,'Credit Card'),(6271,990000,'DD'),(6272,170000,'UPI'),(6273,270000,'NEFT'),(6274,870000,'Cheque'),(6275,460000,'Cheque'),(6276,860000,'NEFT'),(6277,310000,'DD'),(6278,390000,'DD'),(6279,170000,'Debit Card'),(6280,700000,'Cheque'),(6281,480000,'UPI'),(6282,430000,'Credit Card'),(6283,430000,'DD'),(6284,640000,'Cheque'),(6285,440000,'Cheque'),(6286,510000,'DD'),(6287,870000,'Debit Card'),(6288,350000,'Cash'),(6289,990000,'Cheque'),(6290,300000,'Cash'),(6291,310000,'NEFT'),(6292,780000,'Debit Card'),(6293,360000,'Cash'),(6294,120000,'NEFT'),(6295,940000,'Debit Card'),(6296,150000,'NEFT'),(6297,750000,'NEFT'),(6298,760000,'DD'),(6299,840000,'Cheque'),(6300,480000,'NEFT'),(6301,310000,'Credit Card'),(6302,470000,'Debit Card'),(6303,620000,'Cash'),(6304,710000,'NEFT'),(6305,890000,'Debit Card'),(6306,160000,'NEFT'),(6307,880000,'Cheque'),(6308,470000,'DD'),(6309,50000,'NEFT'),(6310,540000,'DD'),(6311,770000,'UPI'),(6312,170000,'Debit Card'),(6313,450000,'Debit Card'),(6314,680000,'Debit Card'),(6315,940000,'Cheque'),(6316,80000,'Cash'),(6317,410000,'UPI'),(6318,850000,'NEFT'),(6319,920000,'Credit Card'),(6320,860000,'Credit Card'),(6321,760000,'Cheque'),(6322,240000,'NEFT'),(6323,780000,'Cheque'),(6324,220000,'Debit Card'),(6325,340000,'Cheque'),(6326,90000,'Debit Card'),(6327,940000,'UPI'),(6328,940000,'Debit Card'),(6329,740000,'NEFT'),(6330,360000,'Cash'),(6331,980000,'Cash'),(6332,280000,'Cash'),(6333,600000,'Debit Card'),(6334,320000,'NEFT'),(6335,680000,'Cheque'),(6336,690000,'Cash'),(6337,60000,'DD'),(6338,200000,'Credit Card'),(6339,920000,'Debit Card'),(6340,710000,'DD'),(6341,510000,'Cheque'),(6342,690000,'Cash'),(6343,320000,'UPI'),(6344,90000,'Credit Card'),(6345,550000,'NEFT'),(6346,210000,'NEFT'),(6347,160000,'NEFT'),(6348,1000000,'Credit Card'),(6349,620000,'Cheque'),(6350,330000,'NEFT'),(6351,460000,'Debit Card'),(6352,520000,'DD'),(6353,70000,'Cash'),(6354,280000,'UPI'),(6355,330000,'UPI'),(6356,230000,'NEFT'),(6357,240000,'NEFT'),(6358,670000,'NEFT'),(6359,640000,'UPI'),(6360,560000,'Credit Card'),(6361,890000,'NEFT'),(6362,250000,'DD'),(6363,610000,'Debit Card'),(6364,570000,'Cash'),(6365,780000,'Credit Card'),(6366,930000,'Cheque'),(6367,500000,'Credit Card'),(6368,210000,'DD'),(6369,430000,'DD'),(6370,180000,'Credit Card'),(6371,370000,'DD'),(6372,820000,'DD'),(6373,720000,'DD'),(6374,560000,'Cash'),(6375,580000,'DD'),(6376,690000,'Cheque'),(6377,690000,'UPI'),(6378,500000,'NEFT'),(6379,680000,'Cheque'),(6380,60000,'UPI'),(6381,140000,'Credit Card'),(6382,110000,'UPI'),(6383,110000,'NEFT'),(6384,990000,'Cash'),(6385,700000,'Credit Card'),(6386,550000,'Cash'),(6387,630000,'Credit Card'),(6388,980000,'UPI'),(6389,780000,'Credit Card'),(6390,660000,'NEFT'),(6391,300000,'Cheque'),(6392,540000,'Cash'),(6393,800000,'Cheque'),(6394,230000,'DD'),(6395,680000,'DD'),(6396,690000,'NEFT'),(6397,720000,'Debit Card'),(6398,890000,'DD'),(6399,450000,'Cheque'),(6400,120000,'UPI'),(6401,150000,'NEFT'),(6402,530000,'Cash'),(6403,460000,'DD'),(6404,320000,'Cash'),(6405,690000,'NEFT'),(6406,170000,'Debit Card'),(6407,730000,'Cash'),(6408,320000,'Debit Card'),(6409,910000,'UPI'),(6410,200000,'Debit Card'),(6411,620000,'Cheque'),(6412,640000,'Cheque'),(6413,160000,'Cash'),(6414,480000,'Cheque'),(6415,780000,'Credit Card'),(6416,960000,'DD'),(6417,810000,'DD'),(6418,510000,'Credit Card'),(6419,980000,'Credit Card'),(6420,830000,'Cash'),(6421,860000,'DD'),(6422,600000,'Cash'),(6423,530000,'UPI'),(6424,880000,'DD'),(6425,490000,'Debit Card'),(6426,190000,'NEFT'),(6427,250000,'Credit Card'),(6428,760000,'Credit Card'),(6429,210000,'NEFT'),(6430,970000,'Credit Card'),(6431,390000,'Cheque'),(6432,760000,'Cheque'),(6433,270000,'Cash'),(6434,920000,'Cheque'),(6435,390000,'UPI'),(6436,930000,'Cash'),(6437,600000,'Cheque'),(6438,1000000,'Debit Card'),(6439,100000,'NEFT'),(6440,170000,'Debit Card'),(6441,250000,'UPI'),(6442,360000,'Cash'),(6443,740000,'UPI'),(6444,250000,'Debit Card'),(6445,720000,'Debit Card'),(6446,320000,'Cash'),(6447,290000,'DD'),(6448,910000,'DD'),(6449,130000,'Debit Card'),(6450,440000,'NEFT'),(6451,910000,'NEFT'),(6452,690000,'Cash'),(6453,180000,'NEFT'),(6454,570000,'NEFT'),(6455,470000,'DD'),(6456,670000,'NEFT'),(6457,830000,'NEFT'),(6458,400000,'Cheque'),(6459,290000,'NEFT'),(6460,340000,'UPI'),(6461,820000,'Cheque'),(6462,870000,'NEFT'),(6463,570000,'Credit Card'),(6464,480000,'UPI'),(6465,720000,'Debit Card'),(6466,260000,'Credit Card'),(6467,750000,'NEFT'),(6468,220000,'DD'),(6469,470000,'DD'),(6470,720000,'NEFT'),(6471,590000,'Cash'),(6472,880000,'Debit Card'),(6473,600000,'Cash'),(6474,90000,'DD'),(6475,890000,'Credit Card'),(6476,460000,'DD'),(6477,900000,'NEFT'),(6478,50000,'UPI'),(6479,880000,'Cheque'),(6480,870000,'DD'),(6481,520000,'UPI'),(6482,930000,'Cash'),(6483,260000,'Debit Card'),(6484,280000,'NEFT'),(6485,290000,'Debit Card'),(6486,440000,'UPI'),(6487,950000,'Debit Card'),(6488,130000,'Credit Card'),(6489,510000,'Credit Card'),(6490,510000,'Credit Card'),(6491,50000,'NEFT'),(6492,830000,'UPI'),(6493,440000,'Debit Card'),(6494,600000,'Credit Card'),(6495,50000,'Cheque'),(6496,500000,'Debit Card'),(6497,340000,'UPI'),(6498,660000,'Credit Card'),(6499,790000,'Debit Card'),(6500,830000,'Debit Card'),(6501,440000,'Debit Card'),(6502,410000,'Cheque'),(6503,130000,'Debit Card'),(6504,360000,'NEFT'),(6505,660000,'DD'),(6506,170000,'UPI'),(6507,600000,'Credit Card'),(6508,640000,'Cash'),(6509,790000,'Cheque'),(6510,460000,'UPI'),(6511,270000,'UPI'),(6512,1000000,'NEFT'),(6513,380000,'Cash'),(6514,910000,'Cash'),(6515,570000,'Credit Card'),(6516,320000,'Credit Card'),(6517,90000,'Credit Card'),(6518,730000,'Cheque'),(6519,640000,'Cash'),(6520,800000,'Debit Card'),(6521,60000,'Cheque'),(6522,120000,'NEFT'),(6523,640000,'UPI'),(6524,470000,'Credit Card'),(6525,740000,'Credit Card'),(6526,750000,'NEFT'),(6527,330000,'Cash'),(6528,390000,'UPI'),(6529,520000,'Cash'),(6530,800000,'Cheque'),(6531,300000,'NEFT'),(6532,760000,'Credit Card'),(6533,340000,'UPI'),(6534,590000,'DD'),(6535,750000,'DD'),(6536,230000,'UPI'),(6537,560000,'Cash'),(6538,740000,'Cash'),(6539,140000,'NEFT'),(6540,330000,'Cheque'),(6541,130000,'DD'),(6542,540000,'Cash'),(6543,750000,'NEFT'),(6544,810000,'Credit Card'),(6545,440000,'Cash'),(6546,470000,'NEFT'),(6547,530000,'DD'),(6548,440000,'DD'),(6549,350000,'NEFT'),(6550,210000,'Debit Card'),(6551,90000,'Cash'),(6552,420000,'Credit Card'),(6553,370000,'NEFT'),(6554,140000,'Credit Card'),(6555,590000,'NEFT'),(6556,500000,'Cheque'),(6557,990000,'UPI'),(6558,80000,'Debit Card'),(6559,920000,'Cash'),(6560,640000,'NEFT'),(6561,60000,'NEFT'),(6562,790000,'NEFT'),(6563,350000,'Cheque'),(6564,60000,'Cheque'),(6565,760000,'Cheque'),(6566,230000,'Credit Card'),(6567,490000,'DD'),(6568,70000,'Cheque'),(6569,150000,'Credit Card'),(6570,600000,'UPI'),(6571,250000,'DD'),(6572,950000,'Debit Card'),(6573,280000,'Cash'),(6574,240000,'Debit Card'),(6575,500000,'DD'),(6576,670000,'UPI'),(6577,560000,'Cash'),(6578,90000,'DD'),(6579,800000,'Cash'),(6580,50000,'DD'),(6581,450000,'Cash'),(6582,390000,'DD'),(6583,520000,'DD'),(6584,320000,'Cheque'),(6585,370000,'Cash'),(6586,970000,'UPI'),(6587,320000,'Cheque'),(6588,230000,'Cash'),(6589,920000,'Debit Card'),(6590,370000,'DD'),(6591,880000,'NEFT'),(6592,590000,'Credit Card'),(6593,310000,'Cheque'),(6594,780000,'DD'),(6595,830000,'Debit Card'),(6596,290000,'Debit Card'),(6597,770000,'Credit Card'),(6598,860000,'Cheque'),(6599,630000,'Debit Card'),(6600,190000,'DD'),(6601,690000,'Debit Card'),(6602,300000,'Credit Card'),(6603,280000,'Credit Card'),(6604,320000,'Cheque'),(6605,850000,'Debit Card'),(6606,500000,'UPI'),(6607,330000,'Credit Card'),(6608,350000,'NEFT'),(6609,940000,'Cash'),(6610,870000,'UPI'),(6611,210000,'NEFT'),(6612,270000,'Credit Card'),(6613,280000,'Cash'),(6614,110000,'UPI'),(6615,770000,'Cash'),(6616,700000,'UPI'),(6617,200000,'Cash'),(6618,560000,'Cheque'),(6619,270000,'DD'),(6620,490000,'UPI'),(6621,410000,'Cheque'),(6622,80000,'Cheque'),(6623,50000,'Credit Card'),(6624,840000,'DD'),(6625,770000,'DD'),(6626,130000,'Cash'),(6627,440000,'Credit Card'),(6628,1000000,'Cash'),(6629,150000,'UPI'),(6630,210000,'Cheque'),(6631,540000,'Cheque'),(6632,710000,'UPI'),(6633,400000,'Credit Card'),(6634,680000,'DD'),(6635,760000,'Debit Card'),(6636,240000,'DD'),(6637,890000,'Credit Card'),(6638,460000,'UPI'),(6639,710000,'Cash'),(6640,330000,'NEFT'),(6641,540000,'NEFT'),(6642,480000,'Cash'),(6643,630000,'Cash'),(6644,50000,'Debit Card'),(6645,330000,'DD'),(6646,980000,'Cash'),(6647,970000,'UPI'),(6648,80000,'UPI'),(6649,690000,'Cash'),(6650,860000,'NEFT'),(6651,710000,'Debit Card'),(6652,70000,'UPI'),(6653,100000,'NEFT'),(6654,840000,'NEFT'),(6655,890000,'Credit Card'),(6656,30000,'NEFT'),(6657,770000,'Cash'),(6658,770000,'Cheque'),(6659,620000,'Cheque'),(6660,290000,'Cash'),(6661,400000,'NEFT'),(6662,60000,'Debit Card'),(6663,120000,'NEFT'),(6664,210000,'NEFT'),(6665,660000,'Cheque'),(6666,620000,'Cash'),(6667,840000,'Cheque'),(6668,720000,'NEFT'),(6669,150000,'NEFT'),(6670,90000,'Cheque'),(6671,920000,'Credit Card'),(6672,430000,'UPI'),(6673,130000,'DD'),(6674,930000,'Cheque'),(6675,320000,'DD'),(6676,980000,'UPI'),(6677,400000,'Cash'),(6678,180000,'Debit Card'),(6679,800000,'Debit Card'),(6680,180000,'Cash'),(6681,700000,'NEFT'),(6682,830000,'Debit Card'),(6683,590000,'DD'),(6684,600000,'Cash'),(6685,930000,'NEFT'),(6686,880000,'NEFT'),(6687,900000,'Cheque'),(6688,620000,'Cash'),(6689,840000,'NEFT'),(6690,650000,'Cash'),(6691,230000,'Cheque'),(6692,560000,'Debit Card'),(6693,600000,'Credit Card'),(6694,450000,'Cash'),(6695,480000,'NEFT'),(6696,40000,'Cheque'),(6697,450000,'Debit Card'),(6698,110000,'UPI'),(6699,250000,'Credit Card'),(6700,550000,'DD'),(6701,420000,'Debit Card'),(6702,610000,'Credit Card'),(6703,90000,'DD'),(6704,180000,'Cheque'),(6705,50000,'Credit Card'),(6706,670000,'NEFT'),(6707,60000,'Cash'),(6708,750000,'UPI'),(6709,450000,'DD'),(6710,930000,'NEFT'),(6711,580000,'Cash'),(6712,510000,'Credit Card'),(6713,910000,'Debit Card'),(6714,680000,'UPI'),(6715,910000,'NEFT'),(6716,810000,'DD'),(6717,850000,'UPI'),(6718,410000,'NEFT'),(6719,360000,'Cash'),(6720,920000,'DD'),(6721,560000,'DD'),(6722,760000,'UPI'),(6723,320000,'Cheque'),(6724,450000,'Cheque'),(6725,410000,'NEFT'),(6726,960000,'Debit Card'),(6727,440000,'UPI'),(6728,450000,'NEFT'),(6729,710000,'NEFT'),(6730,130000,'DD'),(6731,100000,'NEFT'),(6732,420000,'Cash'),(6733,380000,'DD'),(6734,650000,'Credit Card'),(6735,460000,'Credit Card'),(6736,950000,'Cheque'),(6737,940000,'UPI'),(6738,530000,'DD'),(6739,860000,'UPI'),(6740,640000,'Credit Card'),(6741,610000,'UPI'),(6742,520000,'Cash'),(6743,90000,'DD'),(6744,920000,'Debit Card'),(6745,860000,'Debit Card'),(6746,480000,'Cash'),(6747,590000,'UPI'),(6748,40000,'UPI'),(6749,230000,'UPI'),(6750,680000,'Cheque'),(6751,240000,'Cash'),(6752,960000,'UPI'),(6753,530000,'Debit Card'),(6754,740000,'Debit Card'),(6755,90000,'Debit Card'),(6756,590000,'DD'),(6757,790000,'UPI'),(6758,130000,'DD'),(6759,590000,'Cheque'),(6760,810000,'UPI'),(6761,200000,'DD'),(6762,890000,'Debit Card'),(6763,480000,'Cash'),(6764,170000,'DD'),(6765,600000,'Debit Card'),(6766,200000,'NEFT'),(6767,640000,'NEFT'),(6768,90000,'Debit Card'),(6769,880000,'DD'),(6770,110000,'Cash'),(6771,600000,'UPI'),(6772,630000,'NEFT'),(6773,260000,'Credit Card'),(6774,420000,'Debit Card'),(6775,980000,'Cash'),(6776,510000,'Debit Card'),(6777,780000,'Cheque'),(6778,390000,'DD'),(6779,460000,'Debit Card'),(6780,490000,'Credit Card'),(6781,420000,'UPI'),(6782,760000,'Cash'),(6783,350000,'NEFT'),(6784,740000,'Credit Card'),(6785,930000,'Cheque'),(6786,200000,'NEFT'),(6787,140000,'Cash'),(6788,500000,'Cash'),(6789,370000,'NEFT'),(6790,40000,'NEFT'),(6791,110000,'Debit Card'),(6792,200000,'Credit Card'),(6793,860000,'Credit Card'),(6794,690000,'Credit Card'),(6795,400000,'UPI'),(6796,130000,'NEFT'),(6797,900000,'DD'),(6798,170000,'Cheque'),(6799,200000,'Cash'),(6800,790000,'DD'),(6801,570000,'NEFT'),(6802,850000,'Cheque'),(6803,310000,'Cheque'),(6804,350000,'UPI'),(6805,190000,'NEFT'),(6806,430000,'NEFT'),(6807,160000,'NEFT'),(6808,490000,'DD'),(6809,550000,'UPI'),(6810,520000,'Debit Card'),(6811,600000,'DD'),(6812,860000,'Credit Card'),(6813,690000,'Cash'),(6814,490000,'Credit Card'),(6815,490000,'DD'),(6816,360000,'UPI'),(6817,720000,'Cheque'),(6818,80000,'Debit Card'),(6819,770000,'Credit Card'),(6820,590000,'Cash'),(6821,850000,'NEFT'),(6822,550000,'Cheque'),(6823,510000,'Credit Card'),(6824,420000,'Debit Card'),(6825,550000,'UPI'),(6826,350000,'UPI'),(6827,740000,'Cash'),(6828,420000,'Credit Card'),(6829,970000,'Credit Card'),(6830,140000,'Debit Card'),(6831,460000,'Cash'),(6832,710000,'DD'),(6833,830000,'UPI'),(6834,900000,'DD'),(6835,680000,'Cash'),(6836,810000,'Credit Card'),(6837,550000,'Cash'),(6838,810000,'DD'),(6839,210000,'Cash'),(6840,740000,'DD'),(6841,890000,'Cash'),(6842,340000,'Credit Card'),(6843,130000,'Cash'),(6844,940000,'Cash'),(6845,810000,'Cheque'),(6846,490000,'Credit Card'),(6847,360000,'NEFT'),(6848,600000,'Cheque'),(6849,610000,'NEFT'),(6850,460000,'Credit Card'),(6851,750000,'Debit Card'),(6852,780000,'NEFT'),(6853,210000,'NEFT'),(6854,300000,'Cheque'),(6855,100000,'Debit Card'),(6856,120000,'DD'),(6857,110000,'Cash'),(6858,850000,'Cash'),(6859,480000,'UPI'),(6860,770000,'Cash'),(6861,920000,'Cash'),(6862,780000,'Credit Card'),(6863,130000,'Credit Card'),(6864,330000,'Debit Card'),(6865,310000,'NEFT'),(6866,510000,'Cash'),(6867,760000,'DD'),(6868,760000,'Cash'),(6869,880000,'Cash'),(6870,220000,'Cash'),(6871,90000,'Credit Card'),(6872,840000,'Cheque'),(6873,100000,'Cash'),(6874,870000,'Debit Card'),(6875,430000,'Cash'),(6876,820000,'Cheque'),(6877,790000,'NEFT'),(6878,500000,'NEFT'),(6879,810000,'Credit Card'),(6880,560000,'UPI'),(6881,520000,'DD'),(6882,260000,'DD'),(6883,240000,'Credit Card'),(6884,730000,'UPI'),(6885,580000,'UPI'),(6886,940000,'Credit Card'),(6887,230000,'Debit Card'),(6888,580000,'Credit Card'),(6889,210000,'Credit Card'),(6890,540000,'Cash'),(6891,910000,'Cash'),(6892,180000,'NEFT'),(6893,790000,'UPI'),(6894,840000,'UPI'),(6895,200000,'DD'),(6896,340000,'NEFT'),(6897,770000,'NEFT'),(6898,510000,'Cheque'),(6899,860000,'Cheque'),(6900,860000,'Credit Card'),(6901,600000,'Credit Card'),(6902,940000,'Credit Card'),(6903,80000,'Credit Card'),(6904,980000,'Cheque'),(6905,40000,'Cash'),(6906,810000,'DD'),(6907,520000,'NEFT'),(6908,620000,'Credit Card'),(6909,700000,'UPI'),(6910,980000,'UPI'),(6911,200000,'NEFT'),(6912,750000,'Cheque'),(6913,750000,'Cash'),(6914,190000,'Debit Card'),(6915,280000,'Cash'),(6916,670000,'DD'),(6917,610000,'UPI'),(6918,330000,'DD'),(6919,760000,'Debit Card'),(6920,160000,'Cheque'),(6921,440000,'NEFT'),(6922,40000,'Cheque'),(6923,480000,'Cheque'),(6924,70000,'DD'),(6925,350000,'NEFT'),(6926,250000,'Debit Card'),(6927,360000,'Credit Card'),(6928,570000,'NEFT'),(6929,290000,'Debit Card'),(6930,370000,'Cheque'),(6931,590000,'Cash'),(6932,480000,'NEFT'),(6933,210000,'DD'),(6934,800000,'NEFT'),(6935,800000,'Cash'),(6936,40000,'DD'),(6937,750000,'Cheque'),(6938,630000,'Credit Card'),(6939,440000,'Cheque'),(6940,970000,'DD'),(6941,560000,'UPI'),(6942,480000,'UPI'),(6943,90000,'Credit Card'),(6944,550000,'UPI'),(6945,430000,'Cash'),(6946,530000,'Cash'),(6947,720000,'Debit Card'),(6948,720000,'Cheque'),(6949,60000,'Cheque'),(6950,370000,'Credit Card'),(6951,650000,'DD'),(6952,50000,'NEFT'),(6953,480000,'NEFT'),(6954,330000,'Credit Card'),(6955,570000,'NEFT'),(6956,100000,'UPI'),(6957,920000,'Debit Card'),(6958,510000,'Credit Card'),(6959,30000,'UPI'),(6960,470000,'Cheque'),(6961,340000,'DD'),(6962,630000,'Cash'),(6963,860000,'Cheque'),(6964,510000,'DD'),(6965,110000,'UPI'),(6966,910000,'DD'),(6967,590000,'Cash'),(6968,600000,'Cheque'),(6969,310000,'NEFT'),(6970,710000,'Credit Card'),(6971,570000,'NEFT'),(6972,650000,'Cheque'),(6973,690000,'UPI'),(6974,290000,'UPI'),(6975,540000,'Cash'),(6976,130000,'NEFT'),(6977,970000,'UPI'),(6978,510000,'Cheque'),(6979,330000,'UPI'),(6980,830000,'NEFT'),(6981,950000,'Debit Card'),(6982,660000,'Credit Card'),(6983,520000,'UPI'),(6984,270000,'Credit Card'),(6985,40000,'Debit Card'),(6986,550000,'Credit Card'),(6987,570000,'NEFT'),(6988,170000,'Credit Card'),(6989,690000,'Cash'),(6990,780000,'Debit Card'),(6991,670000,'Debit Card'),(6992,270000,'UPI'),(6993,360000,'DD'),(6994,750000,'Credit Card'),(6995,920000,'Cash'),(6996,890000,'Cash'),(6997,910000,'Cash'),(6998,960000,'Cash'),(6999,480000,'Debit Card'),(7000,340000,'DD');
/*!40000 ALTER TABLE `transaction` ENABLE KEYS */;
UNLOCK TABLES;

--
-- Table structure for table `undergrad`
--

DROP TABLE IF EXISTS `undergrad`;
/*!40101 SET @saved_cs_client     = @@character_set_client */;
/*!50503 SET character_set_client = utf8mb4 */;
CREATE TABLE `undergrad` (
  `roll_no` int NOT NULL,
  `JEE_score` float DEFAULT NULL,
  `block_name` varchar(20) DEFAULT NULL,
  PRIMARY KEY (`roll_no`),
  KEY `block_name_idx` (`block_name`),
  CONSTRAINT `undergrad_ibfk_1` FOREIGN KEY (`roll_no`) REFERENCES `student` (`roll_no`) ON DELETE CASCADE ON UPDATE CASCADE,
  CONSTRAINT `undergrad_ibfk_2` FOREIGN KEY (`block_name`) REFERENCES `hostel` (`block_name`)
) ENGINE=InnoDB DEFAULT CHARSET=utf8mb4 COLLATE=utf8mb4_0900_ai_ci;
/*!40101 SET character_set_client = @saved_cs_client */;

--
-- Dumping data for table `undergrad`
--

LOCK TABLES `undergrad` WRITE;
/*!40000 ALTER TABLE `undergrad` DISABLE KEYS */;
INSERT INTO `undergrad` VALUES (1,220,'A'),(2,105,'A'),(3,306,'A'),(4,336,'A'),(5,346,'A'),(6,246,'A'),(7,327,'A'),(8,357,'A'),(9,356,'A'),(10,314,'A'),(11,185,'A'),(12,205,'A'),(13,195,'A'),(14,124,'A'),(15,247,'A'),(16,290,'A'),(19,141,'A'),(22,115,'A'),(27,289,'A'),(28,335,'A'),(31,314,'A'),(32,195,'A'),(34,280,'A'),(35,274,'A'),(36,349,'A'),(37,231,'A'),(38,246,'A'),(40,255,'A'),(41,358,'A'),(42,297,'A'),(43,357,'A'),(44,188,'A'),(45,201,'A'),(46,358,'A'),(47,211,'A'),(48,118,'A'),(49,248,'A'),(50,303,'B'),(51,300,'B'),(52,164,'B'),(53,254,'B'),(54,349,'B'),(55,314,'B'),(56,216,'B'),(59,192,'B'),(62,359,'B'),(67,256,'B'),(68,169,'B'),(71,205,'B'),(72,291,'B'),(74,237,'B'),(75,201,'B'),(76,157,'B'),(77,301,'B'),(78,194,'B'),(80,337,'B'),(81,128,'B'),(82,326,'B'),(83,204,'B'),(84,292,'B'),(85,339,'B'),(86,180,'B'),(87,171,'B'),(88,180,'B'),(89,256,'B'),(90,235,'B'),(91,209,'B'),(92,251,'B'),(93,295,'B'),(94,212,'B'),(95,270,'B'),(96,175,'B'),(99,243,'B'),(102,182,'C'),(107,234,'C'),(108,340,'C'),(111,177,'C'),(112,234,'C'),(114,286,'C'),(115,124,'C'),(116,266,'C'),(117,191,'C'),(118,111,'C'),(120,313,'C'),(121,182,'C'),(122,166,'C'),(123,301,'C'),(124,313,'C'),(125,219,'C'),(126,119,'C'),(127,209,'C'),(128,227,'C'),(129,302,'C'),(130,236,'C'),(131,145,'C'),(132,104,'C'),(133,101,'C'),(134,314,'C'),(135,292,'C'),(136,177,'C'),(139,294,'C'),(142,305,'C'),(147,184,'C'),(148,170,'C'),(151,343,'D'),(152,304,'D'),(154,314,'D'),(155,150,'D'),(156,137,'D'),(157,183,'D'),(158,134,'D'),(160,309,'D'),(161,354,'D'),(162,301,'D'),(163,130,'D'),(164,240,'D'),(165,298,'D'),(166,173,'D'),(167,357,'D'),(168,186,'D'),(169,170,'D'),(170,223,'D'),(171,317,'D'),(172,330,'D'),(173,338,'D'),(174,249,'D'),(175,134,'D'),(176,353,'D'),(179,259,'D'),(182,349,'D'),(187,261,'D'),(188,106,'D'),(191,273,'D'),(192,258,'D'),(194,257,'D'),(195,135,'D'),(196,269,'D'),(197,198,'D'),(198,113,'D'),(200,360,'E'),(201,344,'E'),(202,313,'E'),(203,148,'E'),(204,153,'E'),(205,347,'E'),(206,274,'E'),(207,195,'E'),(208,149,'E'),(209,358,'E'),(210,269,'E'),(211,339,'E'),(212,337,'E'),(213,108,'E'),(214,142,'E'),(215,101,'E'),(216,344,'E'),(219,250,'E'),(222,126,'E'),(227,170,'E'),(228,230,'E'),(231,268,'E'),(232,352,'E'),(234,199,'E'),(235,220,'E'),(236,334,'E'),(237,235,'E'),(238,296,'E'),(240,183,'E'),(241,354,'E'),(242,280,'E'),(243,105,'E'),(244,355,'E'),(245,191,'E'),(246,205,'E'),(247,202,'E'),(248,200,'E'),(249,124,'E'),(250,323,'F'),(251,270,'F'),(252,116,'F'),(253,268,'F'),(254,116,'F'),(255,303,'F'),(256,238,'F'),(259,107,'F'),(262,340,'F'),(267,130,'F'),(268,317,'F'),(271,287,'F'),(272,172,'F'),(274,186,'F'),(275,125,'F'),(276,310,'F'),(277,147,'F'),(278,300,'F'),(280,122,'F'),(281,267,'F'),(282,299,'F'),(283,222,'F'),(284,151,'F'),(285,210,'F'),(286,193,'F'),(287,155,'F'),(288,173,'F'),(289,306,'F'),(290,326,'F'),(291,165,'F'),(292,206,'F'),(293,123,'F'),(294,273,'F'),(295,360,'F'),(296,107,'F'),(299,345,'F'),(302,203,'G'),(307,125,'G'),(308,177,'G'),(311,190,'G'),(312,193,'G'),(314,159,'G'),(315,218,'G'),(316,271,'G'),(317,161,'G'),(318,338,'G'),(320,201,'G'),(321,170,'G'),(322,150,'G'),(323,172,'G'),(324,145,'G'),(325,215,'G'),(326,231,'G'),(327,342,'G'),(328,352,'G'),(329,276,'G'),(330,216,'G'),(331,326,'G'),(332,354,'G'),(333,236,'G'),(334,251,'G'),(335,155,'G'),(336,147,'G'),(339,124,'G'),(342,232,'G'),(347,124,'G'),(348,120,'G'),(351,145,'H'),(352,251,'H'),(354,159,'H'),(355,312,'H'),(356,103,'H'),(357,153,'H'),(358,144,'H'),(360,119,'H'),(361,201,'H'),(362,193,'H'),(363,210,'H'),(364,209,'H'),(365,108,'H'),(366,190,'H'),(367,327,'H'),(368,326,'H'),(369,269,'H'),(370,285,'H'),(371,118,'H'),(372,261,'H'),(373,350,'H'),(374,112,'H'),(375,191,'H'),(376,262,'H'),(379,327,'H'),(382,353,'H'),(387,124,'H'),(388,144,'H'),(391,284,'H'),(392,213,'H'),(394,153,'H'),(395,192,'H'),(396,348,'H'),(397,309,'H'),(398,334,'H'),(400,221,'I'),(401,223,'I'),(402,206,'I'),(403,222,'I'),(404,296,'I'),(405,114,'I'),(406,107,'I'),(407,318,'I'),(408,256,'I'),(409,147,'I'),(410,296,'I'),(411,227,'I'),(412,347,'I'),(413,193,'I'),(414,198,'I'),(415,238,'I'),(416,157,'I'),(419,263,'I'),(422,223,'I'),(427,146,'I'),(428,289,'I'),(431,110,'I'),(432,215,'I'),(434,211,'I'),(435,153,'I'),(436,117,'I'),(437,173,'I'),(438,230,'I'),(440,176,'I'),(441,144,'I'),(442,190,'I'),(443,149,'I'),(444,347,'I'),(445,254,'I'),(446,298,'I'),(447,311,'I'),(448,253,'I'),(449,171,'I'),(450,217,'J'),(451,319,'J'),(452,182,'J'),(453,357,'J'),(454,280,'J'),(455,155,'J'),(456,335,'J'),(459,322,'J'),(462,271,'J'),(467,196,'J'),(468,235,'J'),(471,216,'J'),(472,196,'J'),(474,186,'J'),(475,173,'J'),(476,334,'J'),(477,342,'J'),(478,296,'J'),(480,194,'J'),(481,303,'J'),(482,186,'J'),(483,231,'J'),(484,288,'J'),(485,117,'J'),(486,117,'J'),(487,244,'J'),(488,189,'J'),(489,215,'J'),(490,323,'J'),(491,122,'J'),(492,276,'J'),(493,231,'J'),(494,177,'J'),(495,185,'J'),(496,285,'J'),(499,226,'J');
/*!40000 ALTER TABLE `undergrad` ENABLE KEYS */;
UNLOCK TABLES;

--
-- Table structure for table `warden`
--

DROP TABLE IF EXISTS `warden`;
/*!40101 SET @saved_cs_client     = @@character_set_client */;
/*!50503 SET character_set_client = utf8mb4 */;
CREATE TABLE `warden` (
  `warden_id` int NOT NULL,
  `name` varchar(45) DEFAULT NULL,
  `salary` int DEFAULT NULL,
  `block_name` varchar(20) DEFAULT NULL,
  PRIMARY KEY (`warden_id`),
  KEY `block_name_idx` (`block_name`),
  CONSTRAINT `` FOREIGN KEY (`block_name`) REFERENCES `hostel` (`block_name`) ON DELETE SET NULL,
  CONSTRAINT `warden_chk_1` CHECK ((`salary` >= 0))
) ENGINE=InnoDB DEFAULT CHARSET=utf8mb4 COLLATE=utf8mb4_0900_ai_ci;
/*!40101 SET character_set_client = @saved_cs_client */;

--
-- Dumping data for table `warden`
--

LOCK TABLES `warden` WRITE;
/*!40000 ALTER TABLE `warden` DISABLE KEYS */;
INSERT INTO `warden` VALUES (0,'',0,'J'),(1,'rohan',34080,'A'),(2,'raju garg',34094,'A'),(3,'samir mishra',40385,'A'),(4,'ram dayal',24687,'A'),(5,'jagdish chand',41594,'A'),(6,'kanheya',47417,'A'),(7,'deepak',26809,'A'),(8,'mushrraf',46494,'A'),(9,'prem',40328,'A'),(10,'pardeep kumar',34692,'A'),(11,'monu',48560,'A'),(12,'pawan',44184,'A'),(13,'manoj kumar',33950,'A'),(14,'deepak',29947,'A'),(15,'nithyanandham',41650,'A'),(16,'deepak goyal',45386,'A'),(17,'sunil ladkani',37024,'A'),(18,'ajay',26490,'A'),(19,'gopal',41051,'A'),(20,'vivek',32712,'A'),(21,'mahavir',28998,'A'),(22,'indra sain',26358,'A'),(23,'soni',47934,'A'),(24,'arun kumar',38005,'A'),(25,'ashok sharma',38477,'A'),(26,'veer singh',37400,'A'),(27,'aman dahiya',42091,'A'),(28,'pawan',26587,'A'),(29,'laxmi narayan',43697,'A'),(30,'vikram dubey',26455,'A'),(31,'rima',26458,'A'),(32,'suraj',49565,'A'),(33,'virender',42180,'A'),(34,'tara singh rawat',40434,'A'),(35,'ramjan khan',28599,'A'),(36,'sunder',27956,'A'),(37,'omparkash',21195,'A'),(38,'saddam',46225,'A'),(39,'alok tiwari',21282,'A'),(40,'vude bhadur',47747,'A'),(41,'prem singh bidla',27641,'A'),(42,'chetanya swaroop',44741,'A'),(43,'pinkoo @ guddu',33049,'A'),(44,'shardanand',48066,'A'),(45,'vikash',47036,'A'),(46,'henkhochon haokip',23487,'A'),(47,'gaurav shankar',40132,'A'),(48,'shsi kant',33696,'A'),(49,'md. tavrej',20304,'A'),(50,'amrudin',39187,'B'),(51,'shahnawaz',40351,'B'),(52,'brij raj',48055,'B'),(53,'aman kumar',41418,'B'),(54,'dinesh',42889,'B'),(55,'vijay kumar',49402,'B'),(56,'baban @ suresh',36091,'B'),(57,'subham kumar yadav',35408,'B'),(58,'sapna',21829,'B'),(59,'surendra',40224,'B'),(60,'naveen',45611,'B'),(61,'ram niwas',29076,'B'),(62,'amar',29149,'B'),(63,'nanhu khan',47317,'B'),(64,'kishan',43210,'B'),(65,'dharmender',44732,'B'),(66,'raja ram',37444,'B'),(67,'rishab',49234,'B'),(68,'ziyabul',27475,'B'),(69,'jag mohan',31471,'B'),(70,'devender',35436,'B'),(71,'ritu raj kumar',26922,'B'),(72,'manoj kumar',38379,'B'),(73,'raj kapoor',20901,'B'),(74,'arvind agarwal @ pinto',27768,'B'),(75,'rajbir ahlawat',33077,'B'),(76,'mohd faijan',21824,'B'),(77,'suraj',27482,'B'),(78,'shyama',30621,'B'),(79,'mohd. firoz',24086,'B'),(80,'jagdish',25022,'B'),(81,'bhag chand',46453,'B'),(82,'sachin',27832,'B'),(83,'parbhat',29034,'B'),(84,'aamod & pramod',22569,'B'),(85,'chander shekhar',32176,'B'),(86,'nanagram',38777,'B'),(87,'gautam',25185,'B'),(88,'mohan',48407,'B'),(89,'govind',36592,'B'),(90,'raja babu',20799,'B'),(91,'pramjot singh',30840,'B'),(92,'abhinav vashit',24350,'B'),(93,'usha',49500,'B'),(94,'vivek chabra',49851,'B'),(95,'ashish',45944,'B'),(96,'ankit',35331,'B'),(97,'harish chand',32941,'B'),(98,'nootan prakash yadav',48769,'B'),(99,'surender',26388,'B'),(100,'chhotelal',33962,'C'),(101,'karan',21007,'C'),(102,'karan',32124,'C'),(103,'abdul kadir',35148,'C'),(104,'vikas kumar',48051,'C'),(105,'sambhu',35674,'C'),(106,'bablu',28463,'C'),(107,'bablu',36133,'C'),(108,'rajender @ kaku',47442,'C'),(109,'ram ldaike',33148,'C'),(110,'raju',22164,'C'),(111,'yasib',39934,'C'),(112,'sone lal shah',28704,'C'),(113,'manoj kumar',47210,'C'),(114,'chhotu harijan',25934,'C'),(115,'sushant',46211,'C'),(116,'om prakash',38772,'C'),(117,'manish kumar',26848,'C'),(118,'adersen',23362,'C'),(119,'mukesh kumar yogi',32974,'C'),(120,'ramesh',48734,'C'),(121,'sagar',37289,'C'),(122,'amit',21715,'C'),(123,'gautam kumar',25919,'C'),(124,'raj kumar',48845,'C'),(125,'hardeep @ hunny',45993,'C'),(126,'rohit kumar',49652,'C'),(127,'himanshu',38706,'C'),(128,'fitrat',23128,'C'),(129,'pankaj saini',20830,'C'),(130,'manish sehrawat',41920,'C'),(131,'krishan',41583,'C'),(132,'ravi chandra natarajan',37506,'C'),(133,'karunakar dehra',29506,'C'),(134,'somdath',23092,'C'),(135,'shiva',22139,'C'),(136,'rajeev jha',41394,'C'),(137,'vishal',24980,'C'),(138,'mukesh soni',35170,'C'),(139,'ashok kharkwal',47351,'C'),(140,'raj kumar',30712,'C'),(141,'iswar sharan',26431,'C'),(142,'maj- koko khaing',22592,'C'),(143,'manni @ manish',32900,'C'),(144,'sonu',22548,'C'),(145,'amrit patel',48302,'C'),(146,'tausin',23036,'C'),(147,'rajveer',37572,'C'),(148,'rupesh rathor',29937,'C'),(149,'dinesh singh rana',43696,'C'),(150,'bhrat narayn',28012,'D'),(151,'annu',25220,'D'),(152,'ombir singh',22951,'D'),(153,'ombir singh',38142,'D'),(154,'anand',48039,'D'),(155,'rajesh kumar',25146,'D'),(156,'varun chandela',20373,'D'),(157,'rahul',44051,'D'),(158,'yameen',40409,'D'),(159,'ravi singh',24210,'D'),(160,'jitendra singh',28137,'D'),(161,'vivek',22814,'D'),(162,'iarfan mohammad',38616,'D'),(163,'raj kumar',21517,'D'),(164,'mukesh',21166,'D'),(165,'sahil',21313,'D'),(166,'vasim',48662,'D'),(167,'gaurav kumar',46536,'D'),(168,'prateek kumar tiwari',22416,'D'),(169,'birju',20887,'D'),(170,'pradeep',21906,'D'),(171,'raghubir singh',47666,'D'),(172,'ayub khan',35889,'D'),(173,'ram jatan',30839,'D'),(174,'azhar  ali',49132,'D'),(175,'tufail',40339,'D'),(176,'parveen',38618,'D'),(177,'afridi',37624,'D'),(178,'tahir',36276,'D'),(179,'ankit tiwari',48342,'D'),(180,'ravi',26832,'D'),(181,'abhay',35690,'D'),(182,'anuj tiwari',36541,'D'),(183,'vipiv malkania',36999,'D'),(184,'inderpal',33405,'D'),(185,'dinesh singh',48245,'D'),(186,'suraj',49893,'D'),(187,'sanjit misra',35715,'D'),(188,'aasto',21016,'D'),(189,'charan singh',45756,'D'),(190,'dhansinghpuri',34082,'D'),(191,'chottu shah',27737,'D'),(192,'ram chander jha',32702,'D'),(193,'arjun',32168,'D'),(194,'nirmal',39350,'D'),(195,'niranjan',48341,'D'),(196,'mantu kumar',41966,'D'),(197,'saurabh',36019,'D'),(198,'firakat ali',28864,'D'),(199,'ajay',41439,'D'),(200,'sagar',26071,'E'),(201,'ashshwer parsad',42426,'E'),(202,'akash',24609,'E'),(203,'andhav',33931,'E'),(204,'akhil kumar',39150,'E'),(205,'ranbir',34826,'E'),(206,'amit',24200,'E'),(207,'inderjeet mandal',35458,'E'),(208,'sikandar',34420,'E'),(209,'arjun singh',29805,'E'),(210,'vishal mishra',45346,'E'),(211,'dalip shah',21673,'E'),(212,'mohd. jafruddin',48190,'E'),(213,'satnosh',27862,'E'),(214,'sohan lal',21360,'E'),(215,'vinod kumar',30907,'E'),(216,'dinesh singh',49470,'E'),(217,'ajay kumar',42195,'E'),(218,'pawan',30081,'E'),(219,'aasish  kumar',33586,'E'),(220,'tavinder kumar',33573,'E'),(221,'laxman',37156,'E'),(222,'milan',33276,'E'),(223,'harishankar verma',21444,'E'),(224,'rahul',36734,'E'),(225,'manish',48357,'E'),(226,'arun',30535,'E'),(227,'sri kant',43323,'E'),(228,'radheyshyam saini',34387,'E'),(229,'mohit',25753,'E'),(230,'damanjeet singh',40544,'E'),(231,'sameer',42091,'E'),(232,'bhushan sahay',21465,'E'),(233,'ramesh kumar',40533,'E'),(234,'samadh',26004,'E'),(235,'malkeet singh',22043,'E'),(236,'sachin',49585,'E'),(237,'uma shankar',35243,'E'),(238,'kamla prasad',46043,'E'),(239,'mukesh',34960,'E'),(240,'mohd. iqbal',24320,'E'),(241,'sachin',30030,'E'),(242,'tikku',25863,'E'),(243,'deepak',49154,'E'),(244,'vikash',48618,'E'),(245,'janesh',20126,'E'),(246,'satender',44517,'E'),(247,'lakshya chauhan @ lucky',40477,'E'),(248,'anoop singh',20113,'E'),(249,'dal chand',41567,'E'),(250,'pushpendra singh rathore',22331,'F'),(251,'harpal singh',30519,'F'),(252,'khimanand',20476,'F'),(253,'manoj  kumar age-24 & satesh  kumar age 18',27404,'F'),(254,'akshit',36151,'F'),(255,'chandan kumar',26736,'F'),(256,'vinay',39002,'F'),(257,'pancham',21472,'F'),(258,'ritu raj',31339,'F'),(259,'vinay kumar upadhayay',27183,'F'),(260,'shekher',35603,'F'),(261,'vinod',22841,'F'),(262,'abhishek yadav',40436,'F'),(263,'abhishek yadav',34449,'F'),(264,'manish khandelwal',31858,'F'),(265,'bir singh',39311,'F'),(266,'ram niwas',31227,'F'),(267,'rajkumar saini s/o madan lal saini',29383,'F'),(268,'rakesh',49902,'F'),(269,'mohd sajim',37152,'F'),(270,'shankarlal s/o sukharam',46729,'F'),(271,'rahul sharma',27575,'F'),(272,'neeraj kishore',41896,'F'),(273,'ishwar',30405,'F'),(274,'bilal',43410,'F'),(275,'ravi parkash solanki',22785,'F'),(276,'rohit kumar tiwari',45678,'F'),(277,'pramod',45499,'F'),(278,'manjeet kumar',24140,'F'),(279,'vimal kumar',32251,'F'),(280,'vijay',31936,'F'),(281,'abbas mehndi',33649,'F'),(282,'omprkash',36421,'F'),(283,'deepak rathore',23967,'F'),(284,'masoom',21544,'F'),(285,'deepak kamat',22862,'F'),(286,'ajay @ ajju',47961,'F'),(287,'abhishek',36883,'F'),(288,'toquir ali',48281,'F'),(289,'shyam sundra',30998,'F'),(290,'ankit',49446,'F'),(291,'sarthak dadwal',30826,'F'),(292,'armaan @ suvalin',31092,'F'),(293,'kunal kishore',31529,'F'),(294,'nabav shekh',40478,'F'),(295,'kasim ansari',36119,'F'),(296,'nitin parkash',38900,'F'),(297,'deepak',32970,'F'),(298,'subin sugathan',38536,'F'),(299,'mayur agarwal',32703,'F'),(300,'madan lal',44603,'G'),(301,'vinay kumar',42965,'G'),(302,'ghansyam soni',45798,'G'),(303,'ram dutt',21321,'G'),(304,'sanjeev sharma',21410,'G'),(305,'devender singh',49645,'G'),(306,'asharam',32157,'G'),(307,'son pal@ sonu kumar',27263,'G'),(308,'badri prsad mishra',48968,'G'),(309,'azad ali',22941,'G'),(310,'jorj vargees',48521,'G'),(311,'naresh adhikari',32732,'G'),(312,'deepu',33130,'G'),(313,'pawan singh',21637,'G'),(314,'aashik',25483,'G'),(315,'amit kumar verma',40452,'G'),(316,'subham @ vikash',47740,'G'),(317,'sugodh kumar',43129,'G'),(318,'ashok',40118,'G'),(319,'satish',26371,'G'),(320,'sanjeev',25157,'G'),(321,'munender singh',49111,'G'),(322,'krishan kumar',25445,'G'),(323,'suraj',46432,'G'),(324,'ashutosh @ deepak',36972,'G'),(325,'rajkumar',39408,'G'),(326,'saddam hussain',47359,'G'),(327,'harender',35472,'G'),(328,'jay kumar',31771,'G'),(329,'mohd imran @ munna',28391,'G'),(330,'amit',22110,'G'),(331,'shyam sunder',41828,'G'),(332,'parmod',49948,'G'),(333,'mangat singh',31889,'G'),(334,'sanjeev',35780,'G'),(335,'aryan prateek',44559,'G'),(336,'rahul chauhan',45626,'G'),(337,'savan',22378,'G'),(338,'mohd siwam',26687,'G'),(339,'aarif',22535,'G'),(340,'rajender kumar',31460,'G'),(341,'dinesh',37767,'G'),(342,'manish @ mukesh',35706,'G'),(343,'ramesh singh negi',49776,'G'),(344,'patik@monu',33531,'G'),(345,'nand kishor',32570,'G'),(346,'rajeev luka',38176,'G'),(347,'sarad raghuvansi',21285,'G'),(348,'ram prakash',21266,'G'),(349,'sh pratap singh',49709,'G'),(350,'liyakat ali',40258,'H'),(351,'vicky',23648,'H'),(352,'bodh raj @kala',23441,'H'),(353,'pankaj ratori',25329,'H'),(354,'leela dhar narang',32412,'H'),(355,'devender',23432,'H'),(356,'chanchal',26712,'H'),(357,'abdul rehman',34120,'H'),(358,'shamshad',42601,'H'),(359,'bittu paswan',46590,'H'),(360,'shashank sharma',40210,'H'),(361,'hare chatiyan',31462,'H'),(362,'deepak',22931,'H'),(363,'vipulander',33541,'H'),(364,'yogesh',32380,'H'),(365,'abdul rahman',44991,'H'),(366,'raju',42262,'H'),(367,'khuma ram',47793,'H'),(368,'naresh chand @ pappu',24355,'H'),(369,'saurabh',43864,'H'),(370,'komal / kabila',32417,'H'),(371,'vikash @ mungeri',40526,'H'),(372,'deepak kumar mishra',27910,'H'),(373,'piyush',36356,'H'),(374,'lakhan',28358,'H'),(375,'nadim',42024,'H'),(376,'sahdab',41224,'H'),(377,'deepak',27068,'H'),(378,'tufel',29993,'H'),(379,'tekchand',39268,'H'),(380,'ravi kumar',26295,'H'),(381,'bobby',48296,'H'),(382,'pankaj',33924,'H'),(383,'amit kumar',26990,'H'),(384,'tejvir',27554,'H'),(385,'sachin kumar',45304,'H'),(386,'dilip',24632,'H'),(387,'ravi shankar',26366,'H'),(388,'deepak',36036,'H'),(389,'subodh',41735,'H'),(390,'pramood',41978,'H'),(391,'dev',46718,'H'),(392,'devender',30808,'H'),(393,'suresh@tinku',39881,'H'),(394,'shri kant',44862,'H'),(395,'om parkash',49339,'H'),(396,'muntiyaj',26123,'H'),(397,'raja kumar',34915,'H'),(398,'chetan pandey',40543,'H'),(399,'lilu',32571,'H'),(400,'surjeet',29095,'I'),(401,'dev',47347,'I'),(402,'raju',48981,'I'),(403,'sunder lal',30586,'I'),(404,'aman bhatt',24480,'I'),(405,'ratikant maghi',42793,'I'),(406,'anil kumar',36097,'I'),(407,'deva',44454,'I'),(408,'firoz',29637,'I'),(409,'rahul',43378,'I'),(410,'dr. hema hari pago',38196,'I'),(411,'raghuveer',37330,'I'),(412,'dheeraj',33233,'I'),(413,'sardar sarbjeet singh',45253,'I'),(414,'raman sharma',23185,'I'),(415,'lalit rastogi',48336,'I'),(416,'sita ram',39999,'I'),(417,'dharmbir singh',26438,'I'),(418,'krishan',33178,'I'),(419,'ritik',25733,'I'),(420,'ketan',21888,'I'),(421,'angreg singh',20198,'I'),(422,'dinesh',21070,'I'),(423,'sitaram bairwa',47628,'I'),(424,'rampati',40668,'I'),(425,'rahul',36025,'I'),(426,'karan bajaj',22435,'I'),(427,'abhishek',36429,'I'),(428,'ramsurat',34878,'I'),(429,'jitendra kumar',48750,'I'),(430,'sanjeev',46642,'I'),(431,'lalit kumar',22216,'I'),(432,'jockyipai',22404,'I'),(433,'aslam ali',47976,'I'),(434,'suraj kumar',43413,'I'),(435,'jitender',41386,'I'),(436,'murli dhar',33867,'I'),(437,'rehman khan',45413,'I'),(438,'gurdarshan singh',39651,'I'),(439,'ramsem',46073,'I'),(440,'shahrukh',31345,'I'),(441,'krishan gopal',47937,'I'),(442,'aakash',22884,'I'),(443,'pardeep kumar',41341,'I'),(444,'atul kumar',43523,'I'),(445,'laxman',42659,'I'),(446,'shanwaz anwar',30619,'I'),(447,'samsuddin',21478,'I'),(448,'jyoti prakash',24111,'I'),(449,'ankit',36484,'I'),(450,'sagar',23162,'J'),(451,'sourav @ sumit',31487,'J'),(452,'chain singh @ ravi',37433,'J'),(453,'ravi @ rinkku',47954,'J'),(454,'somender',35937,'J'),(455,'sorabh',43104,'J'),(456,'phirdos alam',35249,'J'),(457,'aabid',38674,'J'),(458,'rajneesh kumar',26651,'J'),(459,'sumit',25271,'J'),(460,'shakil',20771,'J'),(461,'ayan khan',20697,'J'),(462,'rajesh naydu',40377,'J'),(463,'ajay kumar',22835,'J'),(464,'monu',27629,'J'),(465,'lalit',39121,'J'),(466,'harsh singhal',21838,'J'),(467,'abhinav vashishat',29485,'J'),(468,'amil',29238,'J'),(469,'sidharath',30880,'J'),(470,'ankit',26589,'J'),(471,'ankit',41487,'J'),(472,'madan jain',47836,'J'),(473,'milap chand',39919,'J'),(474,'atul',20730,'J'),(475,'mohit chauhan',41261,'J'),(476,'amar singh mahar',28641,'J'),(477,'ajay @mannu',23783,'J'),(478,'sunny',22051,'J'),(479,'amit',22290,'J'),(480,'santosh pandey',44332,'J'),(481,'sanny kumar',34591,'J'),(482,'ravi',42494,'J'),(483,'sumit',33204,'J'),(484,'roshan',24495,'J'),(485,'rohit',45834,'J'),(486,'ashish @ aashu',20863,'J');
/*!40000 ALTER TABLE `warden` ENABLE KEYS */;
UNLOCK TABLES;

--
-- Table structure for table `warden_contact`
--

DROP TABLE IF EXISTS `warden_contact`;
/*!40101 SET @saved_cs_client     = @@character_set_client */;
/*!50503 SET character_set_client = utf8mb4 */;
CREATE TABLE `warden_contact` (
  `warden_id` int NOT NULL,
  `contact` bigint NOT NULL,
  PRIMARY KEY (`warden_id`,`contact`),
  CONSTRAINT `warden_contact_ibfk_1` FOREIGN KEY (`warden_id`) REFERENCES `warden` (`warden_id`) ON DELETE CASCADE ON UPDATE CASCADE
) ENGINE=InnoDB DEFAULT CHARSET=utf8mb4 COLLATE=utf8mb4_0900_ai_ci;
/*!40101 SET character_set_client = @saved_cs_client */;

--
-- Dumping data for table `warden_contact`
--

LOCK TABLES `warden_contact` WRITE;
/*!40000 ALTER TABLE `warden_contact` DISABLE KEYS */;
INSERT INTO `warden_contact` VALUES (1,9952763547),(2,9027828479),(3,9786031238),(4,9870446219),(5,9043300668),(6,9656714822),(7,9870680327),(8,9407478805),(9,9054689116),(10,9429833380),(11,9321687313),(12,9268433120),(13,9268091293),(14,9968225827),(15,9246146568),(16,9544734086),(17,9371127338),(18,9670427570),(19,9231972943),(20,9234797444),(21,9538227312),(22,9801919641),(23,9997091625),(24,9015824611),(25,9697867782),(26,9283928323),(27,9142860169),(28,9812712791),(29,9795075821),(30,9484752896),(31,9581233401),(32,9152533180),(33,9878382082),(34,9425528964),(35,9241817771),(36,9084218929),(37,9927002694),(38,9273646403),(39,9858238350),(40,9160796253),(41,9882593896),(42,9830767717),(43,9179671833),(44,9603389583),(45,9113105721),(46,9872360229),(47,9608232370),(48,9531257514),(49,9035056508),(50,9323951098),(51,9501099789),(52,9567746473),(53,9493600572),(54,9908793605),(55,9667858684),(56,9154538366),(57,9572019860),(58,9959057799),(59,9316297667),(60,9477830080),(61,9129230910),(62,9708990071),(63,9755006131),(64,9626142689),(65,9209302331),(66,9906836966),(67,9109628159),(68,9698887980),(69,9459793431),(70,9145009812),(71,9647457683),(72,9301131469),(73,9257648284),(74,9506376062),(75,9888246564),(76,9008265446),(77,9113020285),(78,9995994871),(79,9617852494),(80,9534632858),(81,9858609956),(82,9386350182),(83,9255118068),(84,9160202634),(85,9085578484),(86,9464830729),(87,9282729935),(88,9433087289),(89,9054655795),(90,9846358836),(91,9213318448),(92,9481546603),(93,9009748852),(94,9361553894),(95,9459048282),(96,9708136832),(97,9803774922),(98,9973578899),(99,9530990459),(100,9765367415),(101,9959240140),(102,9714909011),(103,9426644030),(104,9614345599),(105,9425002357),(106,9258165958),(107,9556279358),(108,9558137668),(109,9567701328),(110,9425964446),(111,9866796215),(112,9889276966),(113,9539118735),(114,9729802957),(115,9194642861),(116,9745003668),(117,9309893422),(118,9808790021),(119,9395198756),(120,9937070548),(121,9079248675),(122,9434595903),(123,9145669462),(124,9866432331),(125,9404198170),(126,9041227173),(127,9752812701),(128,9344926343),(129,9644567347),(130,9754225358),(131,9209013616),(132,9914830213),(133,9397190794),(134,9599359506),(135,9310322941),(136,9648977439),(137,9292188960),(138,9499332952),(139,9447915325),(140,9008022190),(141,9032301893),(142,9975548329),(143,9641436625),(144,9253495082),(145,9067775219),(146,9148288031),(147,9790881996),(148,9559638100),(149,9978636361),(150,9038466310),(151,9180043361),(152,9800653658),(153,9251522598),(154,9267267990),(155,9669215566),(156,9504886041),(157,9545120622),(158,9400729644),(159,9037159193),(160,9451568755),(161,9373631423),(162,9603709353),(163,9628320888),(164,9686634182),(165,9602583155),(166,9876838675),(167,9477850683),(168,9121775632),(169,9458068660),(170,9700289405),(171,9417688545),(172,9808560341),(173,9739912963),(174,9095450166),(175,9099261778),(176,9136058424),(177,9733399054),(178,9699233657),(179,9024593920),(180,9778321956),(181,9045674895),(182,9048084510),(183,9335076255),(184,9353581406),(185,9943327078),(186,9022803284),(187,9144029570),(188,9999494710),(189,9613314267),(190,9180260140),(191,9759006918),(192,9926049862),(193,9510568818),(194,9228384344),(195,9026317766),(196,9834258459),(197,9837883910),(198,9919036321),(199,9344345843),(200,9744509505),(201,9295000230),(202,9092755566),(203,9420882547),(204,9868830223),(205,9646668629),(206,9439326796),(207,9054829956),(208,9264893399),(209,9438417736),(210,9063207553),(211,9789231932),(212,9564964881),(213,9787934018),(214,9919996254),(215,9596594378),(216,9608314769),(217,9538488786),(218,9335674391),(219,9397078716),(220,9339587492),(221,9610222374),(222,9535217196),(223,9258973884),(224,9073150672),(225,9630206064),(226,9407533260),(227,9350845605),(228,9431191695),(229,9660378455),(230,9310261053),(231,9188713070),(232,9568113512),(233,9906935290),(234,9683011630),(235,9607852594),(236,9005660212),(237,9586351610),(238,9581675700),(239,9721187685),(240,9503980038),(241,9065040018),(242,9061410615),(243,9517888395),(244,9746715687),(245,9870374485),(246,9528571527),(247,9444274982),(248,9350935758),(249,9270689122),(250,9975327679),(251,9396600551),(252,9792373484),(253,9162781675),(254,9806760457),(255,9876964326),(256,9779141114),(257,9431840353),(258,9737592017),(259,9763893950),(260,9646514630),(261,9532550085),(262,9252167982),(263,9572431799),(264,9180730259),(265,9249699997),(266,9561453456),(267,9747650788),(268,9462549227),(269,9523793446),(270,9130942787),(271,9404603878),(272,9765027232),(273,9183908352),(274,9153650815),(275,9642936112),(276,9739073977),(277,9157131955),(278,9759842583),(279,9316098748),(280,9367556708),(281,9758304867),(282,9855558453),(283,9304277648),(284,9169753077),(285,9388365005),(286,9895732974),(287,9527376501),(288,9982298086),(289,9514127763),(290,9293067862),(291,9919375235),(292,9046491933),(293,9852850623),(294,9407850806),(295,9725021966),(296,9039501284),(297,9180252760),(298,9916681051),(299,9400170792),(300,9698520888),(301,9973299075),(302,9876388326),(303,9093133890),(304,9178560048),(305,9396866054),(306,9425419292),(307,9397801562),(308,9089811471),(309,9876092818),(310,9246423062),(311,9568559274),(312,9255514299),(313,9375765534),(314,9437237333),(315,9375255056),(316,9367291069),(317,9870593267),(318,9353176124),(319,9928382897),(320,9951604149),(321,9617876974),(322,9598904189),(323,9540033968),(324,9676351117),(325,9793730647),(326,9089010773),(327,9674961529),(328,9617665461),(329,9072144969),(330,9693680216),(331,9094074194),(332,9155524239),(333,9578714888),(334,9527553794),(335,9760562695),(336,9115390484),(337,9050392894),(338,9489323930),(339,9213840676),(340,9599739373),(341,9127335510),(342,9386911796),(343,9303617762),(344,9157386459),(345,9749484437),(346,9127802235),(347,9694904528),(348,9030550194),(349,9083451230),(350,9695341238),(351,9655068970),(352,9154124960),(353,9255765861),(354,9625756242),(355,9953216167),(356,9806142154),(357,9980895188),(358,9446134629),(359,9198629230),(360,9865354050),(361,9877928792),(362,9313257937),(363,9686625682),(364,9568999398),(365,9179753976),(366,9786719239),(367,9522525731),(368,9812461549),(369,9092234521),(370,9333603374),(371,9374478504),(372,9488827172),(373,9338198853),(374,9584437978),(375,9809996024),(376,9077950870),(377,9104527501),(378,9949882089),(379,9270217028),(380,9488556674),(381,9742276411),(382,9777559203),(383,9192332027),(384,9200390694),(385,9026255316),(386,9602968235),(387,9191767978),(388,9161578278),(389,9047526362),(390,9678619886),(391,9597186514),(392,9969629393),(393,9065113831),(394,9951203836),(395,9313605695),(396,9656682456),(397,9996325120),(398,9176574254),(399,9213756672),(400,9208620208),(401,9497038393),(402,9503234724),(403,9878702891),(404,9638254804),(405,9370709479),(406,9043327359),(407,9439883667),(408,9064333069),(409,9679410947),(410,9100625946),(411,9225982274),(412,9338344975),(413,9341064079),(414,9195823409),(415,9679420165),(416,9004857627),(417,9555775828),(418,9294024848),(419,9033243398),(420,9310347237),(421,9986086222),(422,9451225252),(423,9212257929),(424,9314445981),(425,9775730891),(426,9381370320),(427,9640819867),(428,9124736322),(429,9949232318),(430,9836310048),(431,9715415591),(432,9117518929),(433,9050023422),(434,9579246691),(435,9600775029),(436,9379104319),(437,9833313627),(438,9246464123),(439,9953192222),(440,9590264922),(441,9539886338),(442,9392267195),(443,9346564238),(444,9951949397),(445,9336684630),(446,9900928026),(447,9508403041),(448,9341157072),(449,9365511487),(450,9102634243),(451,9299594401),(452,9052843346),(453,9988751572),(454,9911669213),(455,9524190637),(456,9550574952),(457,9604170177),(458,9346530484),(459,9297496359),(460,9431894832),(461,9723044212),(462,9153150078),(463,9935358733),(464,9120196244),(465,9540147451),(466,9121404840),(467,9623945446),(468,9024420046),(469,9932436398),(470,9971519537),(471,9102500278),(472,9039323566),(473,9453983872),(474,9760166340),(475,9808411037),(476,9964505136),(477,9755850501),(478,9842806413),(479,9137783522),(480,9583568319),(481,9268778221),(482,9708903609),(483,9179241225),(484,9430386628),(485,9553261513),(486,9928352644);
/*!40000 ALTER TABLE `warden_contact` ENABLE KEYS */;
UNLOCK TABLES;
/*!40103 SET TIME_ZONE=@OLD_TIME_ZONE */;

/*!40101 SET SQL_MODE=@OLD_SQL_MODE */;
/*!40014 SET FOREIGN_KEY_CHECKS=@OLD_FOREIGN_KEY_CHECKS */;
/*!40014 SET UNIQUE_CHECKS=@OLD_UNIQUE_CHECKS */;
/*!40101 SET CHARACTER_SET_CLIENT=@OLD_CHARACTER_SET_CLIENT */;
/*!40101 SET CHARACTER_SET_RESULTS=@OLD_CHARACTER_SET_RESULTS */;
/*!40101 SET COLLATION_CONNECTION=@OLD_COLLATION_CONNECTION */;
/*!40111 SET SQL_NOTES=@OLD_SQL_NOTES */;

-- Dump completed on 2022-04-17 23:54:30
